{
  "loss_log": [
    4.063359260559082,
    4.034431457519531,
    3.990281343460083,
    3.9578068256378174,
    3.9724202156066895,
    4.053032875061035,
    4.064078330993652,
    4.008825302124023,
    4.066965579986572,
    4.109861373901367,
    4.017608642578125,
    4.029838562011719,
    4.034910202026367,
    3.968318462371826,
    3.982316493988037,
    4.1076250076293945,
    3.997983932495117,
    3.9911465644836426,
    4.012766361236572,
    4.07368278503418,
    3.9991960525512695,
    4.055788993835449,
    3.985694646835327,
    4.017079830169678,
    4.055575847625732,
    4.031416893005371,
    3.9753670692443848,
    3.9791934490203857,
    3.950739622116089,
    4.013600826263428,
    4.017656326293945,
    4.008727073669434,
    3.9739279747009277,
    3.9771692752838135,
    3.933072090148926,
    4.0068817138671875,
    3.995558261871338,
    4.058844089508057,
    3.9697213172912598,
    4.03544807434082,
    3.9839348793029785,
    4.033917427062988,
    3.942578077316284,
    3.9498372077941895,
    4.020657062530518,
    3.9913084506988525,
    3.955902576446533,
    3.9601681232452393,
    4.042087554931641,
    4.006313323974609,
    3.9923648834228516,
    4.011397361755371,
    3.988022804260254,
    3.9575464725494385,
    3.9332075119018555,
    4.004932880401611,
    3.9884321689605713,
    3.957520008087158,
    4.015282154083252,
    3.9989871978759766,
    3.9489080905914307,
    4.007155418395996,
    3.9518816471099854,
    3.968393564224243,
    3.966639757156372,
    3.9630684852600098,
    3.8946611881256104,
    3.942702293395996,
    4.0722432136535645,
    4.009849548339844,
    3.9517030715942383,
    3.9296255111694336,
    3.9238452911376953,
    3.945162534713745,
    4.026726245880127,
    3.9714572429656982,
    3.9443678855895996,
    3.9098920822143555,
    4.076903343200684
  ],
  "samples": 25000
}