{
  "loss_log": [
    3.9020071029663086,
    3.8160784244537354,
    3.933997631072998,
    3.7536990642547607,
    3.8496451377868652,
    3.827181339263916,
    3.790579319000244,
    3.80010724067688,
    3.7692131996154785,
    3.8472256660461426,
    3.71706223487854,
    3.7440199851989746,
    3.8312177658081055,
    3.8138656616210938,
    3.7250611782073975,
    3.8644895553588867,
    3.8041021823883057,
    3.8403754234313965,
    3.762230396270752,
    3.7932894229888916,
    3.73650860786438,
    3.7771589756011963,
    3.7652573585510254,
    3.8277719020843506,
    3.8537821769714355,
    3.9015889167785645,
    3.7760844230651855,
    3.696331739425659,
    3.8811607360839844,
    3.8600683212280273,
    3.8722875118255615,
    3.819469928741455,
    3.7748756408691406,
    3.7767486572265625,
    3.720297336578369,
    3.7967441082000732,
    3.9003071784973145,
    3.7936830520629883,
    3.7174055576324463,
    3.7019996643066406,
    3.7423667907714844,
    3.708743095397949,
    3.783596992492676,
    3.7051007747650146,
    3.6844043731689453,
    3.75142765045166,
    3.8256473541259766,
    3.828587055206299,
    3.68506121635437,
    3.7722275257110596,
    3.7727015018463135,
    3.764847755432129,
    3.811692237854004,
    3.770181894302368,
    3.7223217487335205,
    3.7816271781921387,
    3.727750301361084,
    3.712674379348755,
    3.8621985912323,
    3.7275338172912598,
    3.686762809753418,
    3.874408721923828,
    3.8175292015075684,
    3.7899746894836426,
    3.762596845626831,
    3.7945079803466797,
    3.732531785964966,
    3.7700588703155518,
    3.734771251678467,
    3.818207025527954,
    3.6715850830078125,
    3.8716108798980713,
    3.8769309520721436,
    3.737558364868164,
    3.7081336975097656,
    3.8157458305358887,
    3.746016502380371,
    3.8055331707000732,
    3.589493751525879
  ],
  "samples": 95000
}