{
  "loss_log": [
    3.871148109436035,
    4.021498203277588,
    3.8615365028381348,
    3.881460428237915,
    3.8121743202209473,
    3.837024688720703,
    3.9111289978027344,
    3.877199172973633,
    3.980681896209717,
    3.8688316345214844,
    3.815223455429077,
    3.891119956970215,
    3.847486972808838,
    3.853062629699707,
    3.8413987159729004,
    3.7110705375671387,
    3.9364843368530273,
    3.7541489601135254,
    3.8249311447143555,
    3.8417844772338867,
    3.80522084236145,
    3.860454559326172,
    3.858550548553467,
    3.7844324111938477,
    3.921457290649414,
    3.8108832836151123,
    3.811335802078247,
    3.754760265350342,
    3.878246307373047,
    3.8180785179138184,
    3.8385112285614014,
    3.9338247776031494,
    3.783914566040039,
    3.906035900115967,
    3.8902268409729004,
    3.834895610809326,
    3.904493808746338,
    3.8411102294921875,
    3.7454235553741455,
    3.79213285446167,
    3.888798713684082,
    3.8286731243133545,
    3.7516391277313232,
    3.8618764877319336,
    3.774890661239624,
    3.8077831268310547,
    3.865370988845825,
    3.732935667037964,
    3.7904863357543945,
    3.8104376792907715,
    3.824066162109375,
    3.729869842529297,
    3.761509418487549,
    3.7261595726013184,
    3.806243896484375,
    3.802633047103882,
    3.803514242172241,
    3.813148021697998,
    3.870368480682373,
    3.8955435752868652,
    3.8569586277008057,
    3.788187026977539,
    3.650308609008789,
    3.728635311126709,
    3.818213939666748,
    3.8060832023620605,
    3.8223447799682617,
    3.7898054122924805,
    3.861776113510132,
    3.8270628452301025,
    3.739851951599121,
    3.896160125732422,
    3.7101693153381348,
    3.8861420154571533,
    3.90474271774292,
    3.8145811557769775,
    3.850604295730591,
    3.7945518493652344,
    3.570345401763916
  ],
  "samples": 65000
}