{
  "loss_log": [
    3.9123120307922363,
    3.9916367530822754,
    4.031758785247803,
    3.8859596252441406,
    3.973938226699829,
    4.002495765686035,
    3.9340827465057373,
    3.9279098510742188,
    3.9918947219848633,
    3.989741325378418,
    3.829061269760132,
    4.048743724822998,
    3.929107189178467,
    3.751797676086426,
    4.002455711364746,
    4.028645038604736,
    3.941375494003296,
    3.92244291305542,
    3.9423999786376953,
    3.8723528385162354,
    3.8962855339050293,
    3.9012999534606934,
    4.076904296875,
    3.976682662963867,
    4.005300521850586,
    3.9242396354675293,
    3.8909459114074707,
    3.845261335372925,
    4.002270698547363,
    3.9379961490631104,
    3.9320452213287354,
    4.053828239440918,
    3.9391534328460693,
    3.859886646270752,
    3.911994218826294,
    4.028775215148926,
    3.9542343616485596,
    4.017363548278809,
    3.885504961013794,
    3.8126280307769775,
    3.915503740310669,
    3.8282108306884766,
    3.920773983001709,
    3.9963154792785645,
    3.9009881019592285,
    3.9614715576171875,
    3.968332290649414,
    3.9336934089660645,
    3.9519381523132324,
    3.852086305618286,
    3.8434977531433105,
    3.9409732818603516,
    3.8552486896514893,
    3.900067090988159,
    3.9246456623077393,
    3.9886116981506348,
    3.9485058784484863,
    3.8888449668884277,
    3.8672966957092285,
    3.952970027923584,
    3.9540486335754395,
    3.8555731773376465,
    3.9304537773132324,
    3.9043428897857666,
    3.986708164215088,
    3.800607204437256,
    4.018309116363525,
    3.8475539684295654,
    4.028649806976318,
    3.9264700412750244,
    4.098541736602783,
    3.8831658363342285,
    3.9340806007385254,
    3.935695171356201,
    3.9473814964294434,
    4.013302326202393,
    3.8884310722351074,
    3.979513645172119,
    4.148805141448975
  ],
  "samples": 135000
}