{
  "loss_log": [
    4.030444145202637,
    4.031676292419434,
    4.02025032043457,
    4.126534938812256,
    4.04090690612793,
    4.0360107421875,
    4.07716178894043,
    4.042943477630615,
    3.9918463230133057,
    4.0428667068481445,
    4.023085594177246,
    3.980348587036133,
    4.053303241729736,
    4.04624080657959,
    3.9413394927978516,
    4.039364814758301,
    4.046703338623047,
    4.018191337585449,
    4.090150833129883,
    4.0,
    4.058929443359375,
    4.000566482543945,
    4.042054176330566,
    4.044397354125977,
    4.065116882324219,
    3.9422011375427246,
    4.064016342163086,
    4.172333240509033,
    4.074995040893555,
    4.077541351318359,
    3.98146390914917,
    3.9418182373046875,
    4.126837730407715,
    4.069195747375488,
    4.020949363708496,
    4.030300140380859,
    4.012406826019287,
    4.041961669921875,
    4.0429487228393555,
    3.957472324371338,
    3.9444849491119385,
    4.019817352294922,
    3.9697611331939697,
    4.082126140594482,
    3.991870403289795,
    4.0385661125183105,
    4.094926834106445,
    3.919923782348633,
    4.049256324768066,
    4.07084321975708,
    4.110842704772949,
    4.115603446960449,
    4.154128074645996,
    4.0816569328308105,
    4.0618696212768555,
    4.038919448852539,
    3.9958784580230713,
    4.079559326171875,
    3.993234157562256,
    4.059120178222656,
    4.0015974044799805,
    4.128146171569824,
    4.0103302001953125,
    4.026129722595215,
    4.013986110687256,
    4.113864421844482,
    4.030773162841797,
    4.010158538818359,
    4.1069512367248535,
    4.034702301025391,
    4.005728721618652,
    3.9737014770507812,
    4.046270370483398,
    4.1206512451171875,
    4.059146881103516,
    3.9990713596343994,
    4.033206939697266,
    4.016014099121094,
    4.281125068664551
  ],
  "samples": 20000
}