{
  "loss_log": [
    4.031017303466797,
    4.034339904785156,
    4.061574459075928,
    4.037310600280762,
    4.244593143463135,
    4.076601982116699,
    4.093640327453613,
    4.172732353210449,
    4.000420570373535,
    4.0791473388671875,
    4.08526611328125,
    4.100195407867432,
    4.116307735443115,
    4.072674751281738,
    4.034358024597168,
    4.001985549926758,
    4.085048675537109,
    4.071343421936035,
    4.0664896965026855,
    4.09802770614624,
    4.081906318664551,
    4.075504302978516,
    4.05914831161499,
    4.023597717285156,
    4.125678062438965,
    4.046930313110352,
    4.064465522766113,
    3.9966142177581787,
    4.000720977783203,
    4.030610084533691,
    4.0220842361450195,
    4.093048095703125,
    4.083127975463867,
    4.056882858276367,
    4.045681953430176,
    4.0030975341796875,
    4.10079288482666,
    4.0077433586120605,
    4.021629333496094,
    4.030608177185059,
    3.997053623199463,
    3.99993634223938,
    4.015135765075684,
    4.153439521789551,
    4.10609245300293,
    4.038376331329346,
    4.029254913330078,
    4.036290168762207,
    4.060386657714844,
    4.070620059967041,
    4.047236919403076,
    4.061985969543457,
    3.9773764610290527,
    4.048299789428711,
    4.000459671020508,
    4.014482498168945,
    4.021020412445068,
    4.074507713317871,
    4.091871738433838,
    4.019590854644775,
    4.060901641845703,
    4.027350902557373,
    4.050248146057129,
    3.974675416946411,
    4.052667140960693,
    4.090030193328857,
    4.018698692321777,
    4.027746200561523,
    4.000018119812012,
    4.104226112365723,
    3.974881649017334,
    4.095464706420898,
    3.9924046993255615,
    3.9031152725219727,
    4.077641010284424,
    4.009054660797119,
    4.085746765136719,
    4.026468753814697,
    3.9382431507110596
  ],
  "samples": 110000
}