{
  "loss_log": [
    4.1658101081848145,
    4.103856086730957,
    4.151344299316406,
    4.043818473815918,
    4.187648773193359,
    4.079266548156738,
    4.329826354980469,
    4.030945777893066,
    4.065145492553711,
    3.999197244644165,
    4.1196088790893555,
    4.169729232788086,
    4.042579174041748,
    4.010791778564453,
    3.9071106910705566,
    3.914321184158325,
    4.185790538787842,
    3.9508142471313477,
    4.053445339202881,
    3.999293088912964,
    4.065950393676758,
    3.980011463165283,
    4.1090216636657715,
    4.003411293029785,
    4.004300594329834,
    3.8915188312530518,
    4.038449287414551,
    4.070570945739746,
    4.053054332733154,
    3.94301700592041,
    4.06762170791626,
    4.05147123336792,
    3.933786392211914,
    4.026902198791504,
    4.025535583496094,
    3.914879560470581,
    3.9233875274658203,
    4.067326545715332,
    3.932482957839966,
    3.999061346054077,
    4.002493858337402,
    3.9519777297973633,
    3.980506420135498,
    3.94374942779541,
    3.9454996585845947,
    4.111682891845703,
    4.051591396331787,
    4.057074546813965,
    3.9895429611206055,
    3.919771909713745,
    3.9609155654907227,
    3.9851300716400146,
    3.9261281490325928,
    3.952158212661743,
    3.9129536151885986,
    3.935077667236328,
    3.8691258430480957,
    3.987508773803711,
    3.889676094055176,
    4.044928073883057,
    3.846165180206299,
    3.941433906555176,
    3.920548677444458,
    3.9024524688720703,
    3.948357582092285,
    4.004398345947266,
    3.9615631103515625,
    3.91972279548645,
    3.928497314453125,
    4.055790424346924,
    3.9466094970703125,
    4.004749298095703,
    3.9831998348236084,
    4.057255268096924,
    3.9724974632263184,
    3.943812370300293,
    3.8801896572113037,
    4.055856704711914,
    4.048187255859375
  ],
  "samples": 100000
}