{
  "loss_log": [
    4.170914173126221,
    4.157526016235352,
    4.138946533203125,
    4.115928649902344,
    4.146240711212158,
    4.114662170410156,
    4.150670528411865,
    4.1683030128479,
    4.146997451782227,
    4.129601955413818,
    4.1312689781188965,
    4.1445207595825195,
    4.1215033531188965,
    4.13469123840332,
    4.145469665527344,
    4.160213470458984,
    4.156022071838379,
    4.137409210205078,
    4.1527204513549805,
    4.119956970214844,
    4.155003547668457,
    4.12723970413208,
    4.13209867477417,
    4.144636631011963,
    4.138113975524902,
    4.16339635848999,
    4.134636878967285,
    4.143857955932617,
    4.111806392669678,
    4.1211981773376465,
    4.145843029022217,
    4.1105570793151855,
    4.135595321655273,
    4.162012577056885,
    4.082464218139648,
    4.174127578735352,
    4.144313335418701,
    4.129731178283691,
    4.109536170959473,
    4.117927074432373,
    4.084063529968262,
    4.169929504394531,
    4.137566089630127,
    4.123787879943848,
    4.190303325653076,
    4.1493682861328125,
    4.112807273864746,
    4.09161376953125,
    4.073158264160156,
    4.119438648223877,
    4.118534088134766,
    4.157508850097656,
    4.11417818069458,
    4.078128337860107,
    4.095187187194824,
    4.124122619628906,
    4.1589765548706055,
    4.160606384277344,
    4.111066818237305,
    4.107142448425293,
    4.110289573669434,
    4.139720916748047,
    4.10843563079834,
    4.103890419006348,
    4.093113422393799,
    4.117109298706055,
    4.100006103515625,
    4.082071304321289,
    4.1231842041015625,
    4.07989501953125,
    4.051389217376709,
    4.093623638153076,
    4.124192237854004,
    4.122098922729492,
    4.096314430236816,
    4.067028045654297,
    4.076757907867432,
    4.080997467041016,
    4.106496810913086
  ],
  "samples": 10000
}