{
  "loss_log": [
    4.015763282775879,
    4.057231903076172,
    3.9100754261016846,
    4.05715274810791,
    4.141180992126465,
    4.112351894378662,
    4.019094467163086,
    4.0295305252075195,
    4.093503475189209,
    4.038551330566406,
    3.9600467681884766,
    3.9708447456359863,
    4.081948280334473,
    4.094966411590576,
    4.073294639587402,
    4.063388824462891,
    3.996922492980957,
    3.9973864555358887,
    4.017192363739014,
    4.129331111907959,
    4.051501750946045,
    4.0220441818237305,
    4.014130592346191,
    4.094687461853027,
    4.076287269592285,
    3.9927330017089844,
    4.014158725738525,
    4.0748372077941895,
    4.029497146606445,
    4.1306328773498535,
    4.068586349487305,
    4.14183235168457,
    3.9600319862365723,
    3.9984960556030273,
    4.066312789916992,
    4.104909896850586,
    4.181143760681152,
    4.054548263549805,
    4.027563095092773,
    4.0358686447143555,
    4.054369926452637,
    3.98136305809021,
    4.01267671585083,
    4.064990520477295,
    3.994873523712158,
    3.9954185485839844,
    3.934666633605957,
    4.011571884155273,
    3.995865821838379,
    4.157061576843262,
    4.082439422607422,
    4.010581970214844,
    4.049888610839844,
    4.013418197631836,
    3.9731762409210205,
    4.0320844650268555,
    4.0167236328125,
    4.036187171936035,
    3.9854819774627686,
    4.0344157218933105,
    4.005766868591309,
    4.0581793785095215,
    4.115908622741699,
    4.0621185302734375,
    4.117008209228516,
    4.032041549682617,
    4.002291202545166,
    4.0165581703186035,
    4.092268943786621,
    3.9734654426574707,
    4.001957416534424,
    4.085215091705322,
    4.062330722808838,
    4.084690093994141,
    3.9794063568115234,
    4.036174297332764,
    3.9861268997192383,
    3.965637445449829,
    4.10481595993042
  ],
  "samples": 105000
}