{
  "loss_log": [
    4.056671142578125,
    4.092929840087891,
    4.0880279541015625,
    4.105210304260254,
    4.03232479095459,
    4.044061183929443,
    4.07763671875,
    4.103478908538818,
    4.091157913208008,
    4.053687572479248,
    4.085989952087402,
    4.087310314178467,
    4.089056015014648,
    4.093674659729004,
    4.056546211242676,
    4.082108974456787,
    4.092650413513184,
    4.048456192016602,
    4.061248779296875,
    4.0532450675964355,
    4.103846549987793,
    4.023959159851074,
    4.066040992736816,
    4.059967994689941,
    4.018954753875732,
    4.010729789733887,
    4.012693405151367,
    3.967639923095703,
    4.0875043869018555,
    4.123456954956055,
    4.035194396972656,
    4.010750770568848,
    4.05234432220459,
    4.178478240966797,
    3.9676365852355957,
    4.118361473083496,
    4.045098304748535,
    4.01854133605957,
    4.035457134246826,
    4.058353900909424,
    4.010926246643066,
    4.000657081604004,
    3.9602935314178467,
    4.060723304748535,
    4.008857727050781,
    4.074704170227051,
    3.9825851917266846,
    4.018218517303467,
    4.052213668823242,
    4.163547992706299,
    4.088435173034668,
    3.9146316051483154,
    4.085341453552246,
    3.9887399673461914,
    3.9247400760650635,
    4.039333820343018,
    3.919001340866089,
    4.0239105224609375,
    3.9805426597595215,
    3.952552080154419,
    4.008991718292236,
    4.028219699859619,
    4.057635307312012,
    4.020323753356934,
    4.001847267150879,
    4.111319065093994,
    4.069038391113281,
    3.9935970306396484,
    4.087772369384766,
    3.932366371154785,
    3.964621067047119,
    3.9243736267089844,
    3.887631893157959,
    4.1097798347473145,
    4.040037155151367,
    4.0609450340271,
    4.0090460777282715,
    4.091115474700928,
    4.216580867767334
  ],
  "samples": 45000
}