{
  "loss_log": [
    4.044395446777344,
    4.119572639465332,
    4.028500556945801,
    4.054223537445068,
    4.053255081176758,
    3.9525949954986572,
    4.125202178955078,
    4.066952228546143,
    3.9624738693237305,
    4.00071907043457,
    4.030063629150391,
    4.067508697509766,
    4.042963981628418,
    3.994049072265625,
    4.038156509399414,
    4.0344133377075195,
    4.04262113571167,
    3.9787955284118652,
    4.025362014770508,
    3.940800189971924,
    3.9861693382263184,
    4.0867228507995605,
    4.047486305236816,
    3.988250732421875,
    3.968944787979126,
    4.039661884307861,
    4.120510101318359,
    3.9338510036468506,
    4.074965000152588,
    3.884831428527832,
    3.9942448139190674,
    3.9683403968811035,
    4.083950519561768,
    3.989940643310547,
    3.981574058532715,
    4.057126522064209,
    4.103668212890625,
    3.9394466876983643,
    4.055816650390625,
    4.036211013793945,
    3.966856002807617,
    3.9904136657714844,
    4.014796257019043,
    4.050742149353027,
    4.010542869567871,
    4.007411956787109,
    4.008080959320068,
    4.098158836364746,
    3.888606309890747,
    3.929633140563965,
    4.024906158447266,
    3.902721405029297,
    3.947140693664551,
    3.9794533252716064,
    4.013546943664551,
    4.0142974853515625,
    4.033109188079834,
    3.9951083660125732,
    4.025224685668945,
    3.9886350631713867,
    3.98053240776062,
    3.864004373550415,
    4.042321681976318,
    3.955186367034912,
    3.9455981254577637,
    4.041958808898926,
    4.008133411407471,
    3.897556781768799,
    3.9479384422302246,
    3.9094386100769043,
    4.012339115142822,
    4.108172416687012,
    4.038850784301758,
    4.09637451171875,
    3.9466443061828613,
    3.934222459793091,
    4.035152435302734,
    4.137750625610352,
    4.188924789428711
  ],
  "samples": 115000
}