{
  "loss_log": [
    4.189606666564941,
    4.1665520668029785,
    4.160445690155029,
    4.1491875648498535,
    4.2309346199035645,
    4.10845947265625,
    4.142357349395752,
    4.156871795654297,
    4.1208014488220215,
    4.144957065582275,
    4.163638114929199,
    4.123896598815918,
    4.14274787902832,
    4.137270927429199,
    4.12846565246582,
    4.0908918380737305,
    4.155735492706299,
    4.226127624511719,
    4.171426773071289,
    4.104291915893555,
    4.111395359039307,
    4.168028831481934,
    4.185247421264648,
    4.1521100997924805,
    4.076547145843506,
    4.119844436645508,
    4.120091438293457,
    4.094264030456543,
    4.113933563232422,
    4.16132926940918,
    4.1009321212768555,
    4.154899597167969,
    4.139922142028809,
    4.114723205566406,
    4.1357855796813965,
    4.127423286437988,
    4.126754283905029,
    4.184000015258789,
    4.105315685272217,
    4.146753787994385,
    4.159736156463623,
    4.121288776397705,
    4.128477096557617,
    4.1715850830078125,
    4.113193988800049,
    4.112785339355469,
    4.110825538635254,
    4.143609046936035,
    4.1098432540893555,
    4.129030227661133,
    4.108371734619141,
    4.114009857177734,
    4.124397277832031,
    4.130217552185059,
    4.09830904006958,
    4.156976699829102,
    4.125516891479492,
    4.147452354431152,
    4.159551620483398,
    4.147258758544922,
    4.1232709884643555,
    4.097483158111572,
    4.15566349029541,
    4.086827278137207,
    4.154697895050049,
    4.152393341064453,
    4.1010308265686035,
    4.181945323944092,
    4.128014087677002,
    4.140366077423096,
    4.141462326049805,
    4.144130229949951,
    4.120110511779785,
    4.173210144042969,
    4.154097557067871,
    4.173255920410156,
    4.1341142654418945,
    4.139376640319824,
    4.072259426116943
  ],
  "samples": 40000
}