{
  "loss_log": [
    4.126575469970703,
    4.038012504577637,
    4.086846828460693,
    4.119231700897217,
    3.9275660514831543,
    4.046445846557617,
    3.780292510986328,
    3.901702404022217,
    3.9140408039093018,
    3.894028663635254,
    3.9480905532836914,
    4.031675338745117,
    4.105658531188965,
    4.003762245178223,
    4.1021575927734375,
    3.866232395172119,
    4.113232135772705,
    3.897921562194824,
    3.9497628211975098,
    4.112656593322754,
    3.994917631149292,
    3.9645113945007324,
    3.9603219032287598,
    4.068646430969238,
    4.101755142211914,
    4.195375442504883,
    3.986943244934082,
    3.901369094848633,
    3.8878588676452637,
    4.006869316101074,
    4.167876243591309,
    3.8979032039642334,
    4.126941204071045,
    3.9566497802734375,
    4.030374526977539,
    4.069222927093506,
    4.009707450866699,
    3.995262384414673,
    4.0212812423706055,
    4.016393661499023,
    4.037750720977783,
    4.031309127807617,
    3.863992929458618,
    4.003426551818848,
    3.950326442718506,
    3.9389219284057617,
    4.02648401260376,
    4.114850997924805,
    3.9900286197662354,
    4.032121658325195,
    3.9970645904541016,
    4.008800506591797,
    3.8753833770751953,
    3.9598302841186523,
    4.0371503829956055,
    3.8593180179595947,
    3.94088077545166,
    3.9277963638305664,
    4.129150867462158,
    4.047401428222656,
    3.9127416610717773,
    4.004925727844238,
    3.996687412261963,
    3.9407145977020264,
    3.9899327754974365,
    4.012395858764648,
    4.011077880859375,
    4.089471817016602,
    3.9738998413085938,
    3.9785163402557373,
    3.933953046798706,
    3.971785068511963,
    4.006953239440918,
    3.964716672897339,
    3.9491357803344727,
    4.008242607116699,
    4.115080833435059,
    4.092155456542969,
    4.191672325134277
  ],
  "samples": 60000
}