{
  "loss_log": [
    4.178576469421387,
    3.993501901626587,
    4.104193687438965,
    4.040646553039551,
    4.117845058441162,
    4.16144323348999,
    3.987442970275879,
    4.065262794494629,
    4.129656791687012,
    4.120308876037598,
    4.132246017456055,
    3.9816393852233887,
    4.076786994934082,
    4.054226875305176,
    4.081618309020996,
    4.099214553833008,
    4.080567359924316,
    4.086745262145996,
    4.072785377502441,
    4.131312847137451,
    4.079507827758789,
    4.011866569519043,
    4.142610549926758,
    4.120193958282471,
    4.059319496154785,
    4.078840255737305,
    4.021048069000244,
    4.09213924407959,
    4.170109748840332,
    4.024988174438477,
    4.065641403198242,
    4.083839416503906,
    4.0477166175842285,
    4.039382457733154,
    4.14606237411499,
    4.10299825668335,
    4.1080732345581055,
    4.05941915512085,
    4.029363632202148,
    4.0404133796691895,
    4.061498641967773,
    4.106290817260742,
    4.115074634552002,
    4.057528018951416,
    4.099756717681885,
    4.053257942199707,
    4.065380096435547,
    4.039013862609863,
    4.011394500732422,
    4.058457374572754,
    4.153573036193848,
    4.1651506423950195,
    4.156899452209473,
    4.114748954772949,
    4.023507118225098,
    4.087937355041504,
    4.13239860534668,
    4.150920867919922,
    4.076539039611816,
    4.141090393066406,
    4.050667762756348,
    4.05074405670166,
    4.120640277862549,
    4.159928321838379,
    4.121374607086182,
    4.096916675567627,
    4.122331142425537,
    4.110406875610352,
    4.057164192199707,
    4.057906150817871,
    4.139606475830078,
    4.147086143493652,
    4.145211696624756,
    4.0650153160095215,
    4.038972854614258,
    4.118617534637451,
    4.088651657104492,
    4.0771708488464355,
    4.045894622802734
  ],
  "samples": 75000
}