{
  "loss_log": [
    3.9027109146118164,
    3.8474206924438477,
    3.869481086730957,
    3.8390283584594727,
    3.892848014831543,
    3.832571506500244,
    3.890115976333618,
    3.7981481552124023,
    3.8526463508605957,
    3.830294370651245,
    3.8682219982147217,
    3.8673415184020996,
    3.7883195877075195,
    3.894171953201294,
    4.01113224029541,
    3.7762560844421387,
    3.796881675720215,
    3.7906742095947266,
    3.9308037757873535,
    3.786806583404541,
    3.7996203899383545,
    3.7855770587921143,
    3.7803847789764404,
    3.862640619277954,
    3.890204429626465,
    3.882887840270996,
    3.848726987838745,
    3.8871030807495117,
    3.751264810562134,
    3.7756643295288086,
    3.8176255226135254,
    3.7982537746429443,
    3.834611177444458,
    3.8505518436431885,
    3.854015350341797,
    3.8070805072784424,
    3.7587637901306152,
    3.796015501022339,
    3.7856931686401367,
    3.9191713333129883,
    3.910066604614258,
    3.8446574211120605,
    3.930975914001465,
    3.8631906509399414,
    3.780862331390381,
    3.825718879699707,
    3.8471670150756836,
    3.8315672874450684,
    3.7472774982452393,
    3.827319383621216,
    3.7152061462402344,
    3.8386144638061523,
    3.832146167755127,
    3.7665295600891113,
    3.8169808387756348,
    3.837606906890869,
    3.766130208969116,
    3.862532615661621,
    3.854114532470703,
    3.7965543270111084,
    3.8223705291748047,
    3.896686553955078,
    3.9012908935546875,
    3.844061851501465,
    3.672778844833374,
    3.7955260276794434,
    3.754317283630371,
    3.908181667327881,
    3.7438712120056152,
    3.783432960510254,
    3.766613483428955,
    3.8351948261260986,
    3.785395383834839,
    3.7860848903656006,
    3.879361152648926,
    3.843761682510376,
    3.819462299346924,
    3.761906147003174,
    3.850111961364746
  ],
  "samples": 90000
}