{
  "loss_log": [
    4.193259239196777,
    4.184511184692383,
    4.1624860763549805,
    4.1768035888671875,
    4.183135986328125,
    4.192957878112793,
    4.191224098205566,
    4.200540542602539,
    4.194140434265137,
    4.183048248291016,
    4.1696882247924805,
    4.176632881164551,
    4.1845526695251465,
    4.1757049560546875,
    4.170380115509033,
    4.176181316375732,
    4.183347225189209,
    4.174821853637695,
    4.187093734741211,
    4.172107696533203,
    4.194035530090332,
    4.169431686401367,
    4.177695274353027,
    4.182774543762207,
    4.182732582092285,
    4.181944847106934,
    4.169048309326172,
    4.162351608276367,
    4.176410675048828,
    4.161927223205566,
    4.174134254455566,
    4.16401481628418,
    4.165592670440674,
    4.178900718688965,
    4.1641130447387695,
    4.182845115661621,
    4.180777549743652,
    4.181155204772949,
    4.157800674438477,
    4.182074069976807,
    4.174215316772461,
    4.154337406158447,
    4.1792449951171875,
    4.166844367980957,
    4.161902904510498,
    4.1675872802734375,
    4.169513702392578,
    4.1800737380981445,
    4.174481391906738,
    4.184978485107422,
    4.152508735656738,
    4.1660966873168945,
    4.1345014572143555,
    4.167530059814453,
    4.158545970916748,
    4.158714294433594,
    4.164710998535156,
    4.164035797119141,
    4.148749351501465,
    4.15556001663208,
    4.1472649574279785,
    4.147248268127441,
    4.17601203918457,
    4.164999008178711,
    4.1606855392456055,
    4.146345615386963,
    4.169534683227539,
    4.162809371948242,
    4.158479690551758,
    4.135920524597168,
    4.160990238189697,
    4.152318000793457,
    4.163516044616699,
    4.146215915679932,
    4.146602630615234,
    4.146371841430664,
    4.1612749099731445,
    4.187028884887695,
    4.114778995513916
  ],
  "samples": 5000
}