{
  "loss_log": [
    4.039603233337402,
    3.9796063899993896,
    3.9177539348602295,
    4.126412391662598,
    4.08086633682251,
    3.9318385124206543,
    4.114524841308594,
    4.138410568237305,
    3.9860622882843018,
    4.08048152923584,
    3.9359707832336426,
    3.971451759338379,
    3.9314582347869873,
    3.9277682304382324,
    3.9718122482299805,
    4.041191101074219,
    3.948820114135742,
    4.054159164428711,
    3.9746615886688232,
    4.019869804382324,
    4.124536514282227,
    3.959683895111084,
    3.982396125793457,
    3.979424476623535,
    4.005205154418945,
    4.049042701721191,
    3.950441360473633,
    4.15303373336792,
    3.9176478385925293,
    4.044730186462402,
    3.9359304904937744,
    4.134913444519043,
    3.97309947013855,
    4.086711406707764,
    4.01570987701416,
    4.090182304382324,
    3.985393762588501,
    3.9396510124206543,
    3.9801766872406006,
    4.0009355545043945,
    3.9856760501861572,
    4.068779945373535,
    3.980283260345459,
    4.001923561096191,
    3.939056873321533,
    4.0499796867370605,
    3.9071285724639893,
    3.950484275817871,
    4.063310623168945,
    3.9708054065704346,
    4.016407012939453,
    3.9473204612731934,
    3.9027466773986816,
    3.9236373901367188,
    3.976273536682129,
    3.8951544761657715,
    4.05036735534668,
    3.9919066429138184,
    4.002223968505859,
    3.942866563796997,
    3.967470645904541,
    3.9863274097442627,
    4.022575378417969,
    4.0115580558776855,
    3.9093809127807617,
    3.9772801399230957,
    4.066099643707275,
    4.056280136108398,
    3.9403398036956787,
    3.9969210624694824,
    4.040710926055908,
    3.9773027896881104,
    3.993736743927002,
    4.116344928741455,
    4.013134956359863,
    4.025055885314941,
    4.041501998901367,
    3.999580144882202,
    4.065965175628662
  ],
  "samples": 30000
}