{
  "loss_log": [
    4.029820919036865,
    4.143482685089111,
    4.073315143585205,
    4.153142929077148,
    4.015364646911621,
    4.194857597351074,
    4.128668785095215,
    4.197382926940918,
    3.929544448852539,
    4.126805305480957,
    3.9987552165985107,
    4.097290515899658,
    4.028618812561035,
    4.100626468658447,
    4.15730094909668,
    4.133781433105469,
    4.085455894470215,
    4.226729393005371,
    4.006830215454102,
    4.191756725311279,
    4.000739574432373,
    4.174022674560547,
    4.050726890563965,
    3.9680862426757812,
    4.187961578369141,
    4.069580078125,
    3.9985218048095703,
    4.104753494262695,
    4.039953708648682,
    4.119488716125488,
    3.9401392936706543,
    3.94944167137146,
    4.088052749633789,
    3.9689278602600098,
    4.169661521911621,
    3.976912498474121,
    4.008810520172119,
    4.073612213134766,
    4.0064849853515625,
    4.138005256652832,
    4.093534469604492,
    4.101478576660156,
    3.9916844367980957,
    4.109434604644775,
    4.042701244354248,
    4.135953903198242,
    4.046262741088867,
    4.052391052246094,
    4.022361755371094,
    4.017833709716797,
    4.1257100105285645,
    4.045696258544922,
    3.9822094440460205,
    3.9879508018493652,
    4.048431873321533,
    3.978010654449463,
    3.980428457260132,
    4.057415008544922,
    4.038877964019775,
    4.016582012176514,
    3.9931769371032715,
    3.9936654567718506,
    4.06620454788208,
    4.11590051651001,
    4.141847133636475,
    3.998857259750366,
    4.009538650512695,
    4.054742336273193,
    3.946125030517578,
    4.011130332946777,
    3.923840045928955,
    4.047057151794434,
    4.0012712478637695,
    4.051621913909912,
    4.027230262756348,
    4.031656265258789,
    3.971996307373047,
    4.12903356552124,
    3.9583353996276855
  ],
  "samples": 140000
}