{
  "loss_log": [
    3.922588348388672,
    3.946089267730713,
    3.8495800495147705,
    3.909776210784912,
    3.9149599075317383,
    3.8647401332855225,
    3.9230704307556152,
    3.9103078842163086,
    3.89925479888916,
    3.8947672843933105,
    3.901973009109497,
    3.8252177238464355,
    3.8822450637817383,
    3.861114978790283,
    3.8111658096313477,
    3.9644312858581543,
    3.795485734939575,
    3.880777359008789,
    3.878108501434326,
    3.85159969329834,
    3.8827552795410156,
    3.8249518871307373,
    3.8809940814971924,
    3.8522744178771973,
    3.8861703872680664,
    3.876107692718506,
    3.8823282718658447,
    3.901686906814575,
    3.7906527519226074,
    3.790248394012451,
    3.859866142272949,
    3.8893980979919434,
    3.839712142944336,
    3.898225784301758,
    3.769958972930908,
    3.8300302028656006,
    3.8207452297210693,
    3.794557571411133,
    3.881978988647461,
    3.793715715408325,
    3.8764352798461914,
    3.8714516162872314,
    3.8853187561035156,
    3.8444437980651855,
    3.8116607666015625,
    3.826685905456543,
    3.7461538314819336,
    3.84771728515625,
    3.864686965942383,
    3.7568023204803467,
    3.814338207244873,
    3.833993434906006,
    3.824115514755249,
    3.853837013244629,
    3.826498031616211,
    3.845463991165161,
    3.775496244430542,
    3.8775525093078613,
    3.8161001205444336,
    3.8780906200408936,
    3.99263858795166,
    3.837239980697632,
    3.8606419563293457,
    3.823716640472412,
    3.9522979259490967,
    3.8990535736083984,
    3.892533779144287,
    3.852327823638916,
    3.9198079109191895,
    3.783078193664551,
    3.8131144046783447,
    3.85274600982666,
    3.911226511001587,
    3.9072868824005127,
    3.728524684906006,
    3.833756446838379,
    3.8583731651306152,
    3.871664524078369,
    3.772799491882324
  ],
  "samples": 145000
}