{
  "loss_log": [
    3.9149186611175537,
    3.8753771781921387,
    3.93319034576416,
    3.887014627456665,
    3.8203864097595215,
    3.878453254699707,
    3.8582210540771484,
    3.826791763305664,
    3.829793930053711,
    3.778836727142334,
    3.7766788005828857,
    3.86600661277771,
    3.8422346115112305,
    3.8498778343200684,
    3.9689621925354004,
    3.7917325496673584,
    3.8665783405303955,
    3.885772705078125,
    3.8428072929382324,
    3.818206310272217,
    3.892975330352783,
    3.8168487548828125,
    3.9449708461761475,
    3.937307357788086,
    3.833867073059082,
    3.7849230766296387,
    3.8594486713409424,
    3.795635223388672,
    3.8554039001464844,
    3.822932004928589,
    3.8728132247924805,
    3.854994297027588,
    3.934652805328369,
    3.7347311973571777,
    3.815002918243408,
    3.826171636581421,
    3.8702263832092285,
    3.8958511352539062,
    3.87691593170166,
    3.8481545448303223,
    3.818293809890747,
    3.970489978790283,
    3.8319039344787598,
    3.820936441421509,
    3.793677568435669,
    3.8823659420013428,
    3.8785269260406494,
    3.8217058181762695,
    3.701557159423828,
    3.9065933227539062,
    3.917813301086426,
    3.789954900741577,
    3.8471522331237793,
    3.799151659011841,
    3.794541835784912,
    3.8107688426971436,
    3.9075920581817627,
    3.8030848503112793,
    3.8825817108154297,
    3.8351502418518066,
    3.820444345474243,
    3.7840933799743652,
    3.795107841491699,
    3.802435874938965,
    3.855299949645996,
    3.9435272216796875,
    3.90348219871521,
    3.9048593044281006,
    3.9268112182617188,
    3.8947579860687256,
    3.887700080871582,
    3.8621671199798584,
    3.831109046936035,
    3.8652560710906982,
    3.788125514984131,
    3.7664570808410645,
    3.7803456783294678,
    3.878518581390381,
    4.30233097076416
  ],
  "samples": 85000
}