{
  "loss_log": [
    4.112149238586426,
    4.009830474853516,
    4.10240364074707,
    4.058907508850098,
    4.087983131408691,
    4.117826461791992,
    4.087342262268066,
    4.046598434448242,
    4.096209526062012,
    4.064740180969238,
    4.029510974884033,
    4.041684627532959,
    4.134624481201172,
    4.088469505310059,
    4.113096237182617,
    4.084616661071777,
    4.039920806884766,
    4.04051399230957,
    4.080626487731934,
    3.9915237426757812,
    4.084901332855225,
    4.050008773803711,
    4.031736373901367,
    4.076425075531006,
    4.014720439910889,
    4.008040428161621,
    4.037139892578125,
    3.9848411083221436,
    4.029583930969238,
    4.010632514953613,
    4.036835670471191,
    4.059722900390625,
    4.014941215515137,
    4.0088725090026855,
    3.987271785736084,
    4.003599166870117,
    4.012941360473633,
    4.013950347900391,
    3.983503818511963,
    3.986419200897217,
    4.02687406539917,
    4.002957344055176,
    3.985445022583008,
    4.020096778869629,
    4.080575942993164,
    4.021945476531982,
    3.982363700866699,
    3.9562573432922363,
    3.978522300720215,
    4.001691818237305,
    4.067687511444092,
    4.065124988555908,
    4.017270088195801,
    3.9627108573913574,
    4.019543647766113,
    3.9649605751037598,
    4.046343803405762,
    3.9524927139282227,
    4.073648452758789,
    4.042951583862305,
    3.904813289642334,
    4.139210224151611,
    3.864212989807129,
    4.031192302703857,
    3.9890503883361816,
    3.977595567703247,
    4.0237298011779785,
    4.0140380859375,
    4.0837812423706055,
    3.9565627574920654,
    4.079129219055176,
    3.949995994567871,
    3.9769227504730225,
    4.025235176086426,
    3.9075582027435303,
    4.006113529205322,
    3.953916072845459,
    4.0315704345703125,
    4.03181266784668
  ],
  "samples": 15000
}