{
  "loss_log": [
    4.072414875030518,
    3.9090991020202637,
    3.864140510559082,
    4.014107704162598,
    3.813525438308716,
    4.072089672088623,
    3.827035665512085,
    4.134021759033203,
    3.8582401275634766,
    4.00834321975708,
    3.988917589187622,
    4.031513214111328,
    3.886681079864502,
    4.029998302459717,
    3.8703107833862305,
    4.086716651916504,
    3.9841856956481934,
    4.051198959350586,
    3.9211134910583496,
    3.884838581085205,
    3.970149517059326,
    4.022019386291504,
    4.007943153381348,
    3.9674437046051025,
    3.8960838317871094,
    3.919699192047119,
    3.9775407314300537,
    4.047547340393066,
    3.993110179901123,
    3.80399751663208,
    4.024421215057373,
    3.9990339279174805,
    3.898393392562866,
    3.8966240882873535,
    3.8142220973968506,
    4.000912666320801,
    3.992612361907959,
    3.9774134159088135,
    3.9889111518859863,
    3.9696848392486572,
    3.9337987899780273,
    3.9553472995758057,
    4.044342041015625,
    3.998793125152588,
    3.9600205421447754,
    3.9443538188934326,
    3.914478063583374,
    3.864118814468384,
    4.048611164093018,
    4.111798286437988,
    3.900430202484131,
    4.094443321228027,
    3.885190963745117,
    3.9182138442993164,
    3.9660210609436035,
    3.9902329444885254,
    4.123424530029297,
    3.9704737663269043,
    3.9252514839172363,
    4.000880241394043,
    3.899473190307617,
    4.039944648742676,
    3.8708949089050293,
    3.885256767272949,
    3.9926507472991943,
    4.043673515319824,
    3.9327704906463623,
    3.8777272701263428,
    4.0234856605529785,
    3.9370622634887695,
    3.9898440837860107,
    3.9275143146514893,
    4.029604911804199,
    3.9964330196380615,
    3.908449649810791,
    3.923218250274658,
    3.877957344055176,
    3.91201114654541,
    4.0633111000061035
  ],
  "samples": 70000
}