{
  "loss_log": [
    3.987367868423462,
    4.1199493408203125,
    3.9664998054504395,
    4.060911178588867,
    4.1008992195129395,
    4.084722995758057,
    3.957169532775879,
    3.9396047592163086,
    4.017504692077637,
    4.008005142211914,
    4.106540679931641,
    4.051370143890381,
    4.096839427947998,
    4.113255500793457,
    4.057811737060547,
    4.064938068389893,
    4.0596089363098145,
    4.081841945648193,
    4.058237075805664,
    3.9980530738830566,
    4.058207035064697,
    4.109434127807617,
    4.003454685211182,
    4.067185401916504,
    3.9944050312042236,
    4.074872970581055,
    4.045556545257568,
    3.9393980503082275,
    3.9776010513305664,
    4.0132317543029785,
    3.972532272338867,
    4.098923683166504,
    4.136343955993652,
    3.9467320442199707,
    4.003325462341309,
    4.0540080070495605,
    3.9729321002960205,
    4.128471851348877,
    3.9887919425964355,
    3.945716619491577,
    4.075414657592773,
    3.959310531616211,
    3.9920010566711426,
    4.068489074707031,
    3.940617561340332,
    4.046173095703125,
    4.0034499168396,
    3.948570489883423,
    3.9980642795562744,
    3.9601683616638184,
    4.044711112976074,
    4.060434341430664,
    3.9125685691833496,
    4.017124176025391,
    3.9905831813812256,
    3.9312498569488525,
    4.00681734085083,
    4.1936492919921875,
    3.8762900829315186,
    4.0469865798950195,
    4.041074752807617,
    4.048332691192627,
    4.158677101135254,
    3.945338726043701,
    4.133883476257324,
    3.9690213203430176,
    4.008601188659668,
    3.9661920070648193,
    4.005167007446289,
    4.079113006591797,
    3.955648183822632,
    3.9471373558044434,
    3.95031476020813,
    4.032735824584961,
    4.078893661499023,
    4.016387462615967,
    4.016173839569092,
    4.019829750061035,
    4.119697093963623
  ],
  "samples": 50000
}