{
  "loss_log": [
    4.388027191162109,
    4.282937049865723,
    4.2245402336120605,
    4.404027938842773,
    4.183034896850586,
    4.011046409606934,
    4.025308132171631,
    4.2467217445373535,
    4.283073425292969,
    4.137101650238037,
    4.388363361358643,
    4.291754722595215,
    4.272585868835449,
    4.278276443481445,
    4.275333404541016,
    4.1167755126953125,
    4.264834403991699,
    4.2332916259765625,
    4.101132869720459,
    4.204475402832031,
    4.1844658851623535,
    4.262264251708984,
    4.224309921264648,
    4.096926212310791,
    4.258366107940674,
    4.257332801818848,
    4.092717170715332,
    4.197697639465332,
    4.127095699310303,
    4.021296977996826,
    4.171279430389404,
    4.073944091796875,
    4.161317825317383,
    4.043892860412598,
    4.163166046142578,
    4.103677272796631,
    4.09391450881958,
    4.004955291748047,
    4.090509414672852,
    3.950316905975342,
    4.004762649536133,
    4.09490966796875,
    4.068142890930176,
    4.075933456420898,
    4.045177459716797,
    4.122923851013184,
    4.12842321395874,
    4.1668171882629395,
    4.10709285736084,
    4.062196731567383,
    4.2219648361206055,
    4.1652631759643555,
    4.125683784484863,
    4.072617530822754,
    4.0284271240234375,
    4.096378326416016,
    4.090345859527588,
    4.130701065063477,
    4.053414344787598,
    4.159495830535889,
    4.01467752456665,
    4.036128997802734,
    3.9718425273895264,
    4.011518478393555,
    4.112379550933838,
    4.0907769203186035,
    4.133996963500977,
    4.089654922485352,
    4.024909973144531,
    4.055914402008057,
    4.1283087730407715,
    4.062758922576904,
    3.978224992752075,
    4.012899398803711,
    4.080015182495117,
    4.0865912437438965,
    4.133720874786377,
    4.0417633056640625,
    3.92341685295105
  ],
  "samples": 125000
}