{
  "loss_log": [
    4.1055169105529785,
    4.012075424194336,
    4.018431186676025,
    4.002713203430176,
    4.015801429748535,
    4.038536071777344,
    4.014070510864258,
    3.9731945991516113,
    4.033408164978027,
    4.026425361633301,
    3.9450693130493164,
    4.026759147644043,
    3.9948160648345947,
    3.9598305225372314,
    4.032205104827881,
    4.008881568908691,
    3.9601149559020996,
    3.923513412475586,
    4.004203796386719,
    3.9470999240875244,
    4.020464897155762,
    3.93670392036438,
    4.018032550811768,
    4.059606552124023,
    3.9365322589874268,
    3.9788503646850586,
    3.933952569961548,
    4.034584999084473,
    4.062925338745117,
    3.8850221633911133,
    4.025395393371582,
    3.9492201805114746,
    4.0083513259887695,
    3.99752140045166,
    3.917656898498535,
    3.9188265800476074,
    3.9082345962524414,
    3.9383749961853027,
    3.876025915145874,
    3.836097240447998,
    3.9611358642578125,
    3.9710943698883057,
    3.9921646118164062,
    3.961252212524414,
    3.9045162200927734,
    4.1781487464904785,
    4.012863636016846,
    3.9372611045837402,
    3.9640421867370605,
    3.9739842414855957,
    3.921034574508667,
    4.137168884277344,
    3.944385290145874,
    3.867973804473877,
    3.9442594051361084,
    4.023195266723633,
    3.9566569328308105,
    3.9642794132232666,
    3.94480037689209,
    4.0132551193237305,
    3.962169647216797,
    3.975156784057617,
    3.9637393951416016,
    4.012650489807129,
    3.9814131259918213,
    3.9899351596832275,
    3.993729591369629,
    3.8755910396575928,
    3.88816237449646,
    3.9546704292297363,
    3.867081642150879,
    3.94863224029541,
    3.956847667694092,
    4.0413713455200195,
    3.8924131393432617,
    3.8384952545166016,
    3.9091267585754395,
    3.855416774749756,
    3.9220612049102783
  ],
  "samples": 80000
}