{
  "loss_log": [
    3.8945956230163574,
    3.8780784606933594,
    3.8946189880371094,
    4.018974304199219,
    3.8620986938476562,
    3.884138584136963,
    3.9640164375305176,
    3.839188575744629,
    3.9207568168640137,
    3.964317560195923,
    3.9543936252593994,
    3.9119672775268555,
    3.8620705604553223,
    3.8869199752807617,
    3.8588600158691406,
    3.8527092933654785,
    3.8410563468933105,
    3.8175854682922363,
    3.8513736724853516,
    3.9549508094787598,
    3.778092384338379,
    3.7968404293060303,
    3.8866147994995117,
    3.8845086097717285,
    3.7561135292053223,
    3.8588223457336426,
    3.8758623600006104,
    3.848778247833252,
    3.9086174964904785,
    3.8678762912750244,
    3.8629202842712402,
    3.7613325119018555,
    3.8927175998687744,
    3.7697925567626953,
    3.773958921432495,
    3.7857441902160645,
    3.8081047534942627,
    3.8222930431365967,
    3.750744342803955,
    3.8056435585021973,
    3.8471198081970215,
    3.808342933654785,
    3.8288896083831787,
    3.8087217807769775,
    3.7818493843078613,
    3.8093371391296387,
    3.7840373516082764,
    3.927366018295288,
    3.798351764678955,
    3.844151020050049,
    3.7904813289642334,
    3.8326094150543213,
    3.752579689025879,
    3.8274264335632324,
    3.828031539916992,
    3.752941370010376,
    3.877960443496704,
    3.897639513015747,
    3.8475310802459717,
    3.80830454826355,
    3.7761549949645996,
    3.765986919403076,
    3.8135621547698975,
    3.7880640029907227,
    3.8429553508758545,
    3.74886155128479,
    3.7437100410461426,
    3.7156076431274414,
    3.7739462852478027,
    3.723379611968994,
    3.7269673347473145,
    3.8256237506866455,
    3.803020477294922,
    3.738217830657959,
    3.838021755218506,
    3.7488279342651367,
    3.7970638275146484,
    3.8243257999420166,
    3.7108874320983887
  ],
  "samples": 120000
}