{
  "loss_log": [
    3.8848750591278076,
    3.993967294692993,
    3.8864359855651855,
    3.962310791015625,
    3.899838924407959,
    4.0000715255737305,
    3.84488582611084,
    3.846019744873047,
    4.0563836097717285,
    3.9768126010894775,
    3.933162212371826,
    3.9832663536071777,
    3.8678951263427734,
    3.9327778816223145,
    3.8520820140838623,
    3.8633646965026855,
    3.96938419342041,
    3.828516960144043,
    4.0210161209106445,
    3.9148988723754883,
    3.857044219970703,
    4.034685134887695,
    4.016862869262695,
    3.804670810699463,
    3.8631889820098877,
    3.985150098800659,
    3.9098079204559326,
    3.834218740463257,
    3.839801073074341,
    4.024013519287109,
    4.032459259033203,
    3.808793067932129,
    3.8780150413513184,
    3.968452215194702,
    3.9772391319274902,
    3.996096134185791,
    3.8170626163482666,
    4.01603889465332,
    3.8636064529418945,
    3.9284582138061523,
    3.932126760482788,
    3.887699604034424,
    3.788285970687866,
    3.8709311485290527,
    3.9475088119506836,
    3.944711208343506,
    3.8585901260375977,
    4.068362236022949,
    3.859210968017578,
    3.958338737487793,
    3.783529758453369,
    3.77170467376709,
    3.7646329402923584,
    3.943147659301758,
    3.888713836669922,
    3.9089255332946777,
    3.877908229827881,
    3.9351320266723633,
    3.949183225631714,
    3.933157205581665,
    3.9158642292022705,
    4.032415390014648,
    3.8981313705444336,
    3.951291561126709,
    3.8503971099853516,
    3.956728219985962,
    3.9396376609802246,
    3.9111785888671875,
    3.873013973236084,
    3.921656370162964,
    3.9352052211761475,
    3.825268030166626,
    3.9805688858032227,
    3.8459038734436035,
    3.9225704669952393,
    3.863605499267578,
    3.9872231483459473,
    3.8218274116516113,
    3.768836259841919
  ],
  "samples": 55000
}