{
  "loss_log": [
    3.954883098602295,
    3.9740099906921387,
    3.9467639923095703,
    3.933570146560669,
    3.889443874359131,
    3.9407689571380615,
    3.9323768615722656,
    3.9439797401428223,
    3.885470390319824,
    3.9531984329223633,
    3.9418811798095703,
    3.899582862854004,
    3.8240768909454346,
    3.8924899101257324,
    3.9299697875976562,
    3.9096662998199463,
    3.895414352416992,
    3.856313705444336,
    3.885551691055298,
    3.8658699989318848,
    3.885965585708618,
    3.9031176567077637,
    3.8301634788513184,
    3.940366268157959,
    3.784019708633423,
    3.8489158153533936,
    3.8355908393859863,
    3.865386486053467,
    3.8269667625427246,
    3.901590347290039,
    3.7856385707855225,
    3.8745598793029785,
    3.8106586933135986,
    3.797307252883911,
    3.88910174369812,
    3.8589963912963867,
    3.8290977478027344,
    3.853516101837158,
    3.8380556106567383,
    3.866239070892334,
    3.931290626525879,
    3.7641899585723877,
    3.870882987976074,
    3.736208915710449,
    3.816739082336426,
    3.8952088356018066,
    3.7889420986175537,
    3.8683512210845947,
    3.8980188369750977,
    3.866325855255127,
    3.8241543769836426,
    3.946603298187256,
    3.840060234069824,
    3.807924270629883,
    3.7762532234191895,
    3.7863407135009766,
    3.7811732292175293,
    3.751254081726074,
    3.8050951957702637,
    3.769383192062378,
    3.8434152603149414,
    3.880596876144409,
    3.8738279342651367,
    3.7684755325317383,
    3.7990105152130127,
    3.890681743621826,
    3.795497417449951,
    3.7766449451446533,
    3.807476282119751,
    3.903376579284668,
    3.8191375732421875,
    3.7957398891448975,
    3.768017530441284,
    3.712461471557617,
    3.8128035068511963,
    3.7877793312072754,
    3.8114426136016846,
    3.7534255981445312,
    3.7131409645080566
  ],
  "samples": 130000
}