{
  "loss_log": [
    4.027122497558594,
    4.202678680419922,
    4.215743064880371,
    4.190895080566406,
    4.158419609069824,
    4.206026554107666,
    4.199640274047852,
    4.164573669433594,
    4.072896957397461,
    4.188491344451904,
    4.181221961975098,
    4.061695098876953,
    4.085490703582764,
    4.102639198303223,
    4.098750591278076,
    4.046862602233887,
    4.13645601272583,
    4.165647506713867,
    4.128706932067871,
    4.161822319030762,
    4.124004364013672,
    4.113175392150879,
    4.09208869934082,
    4.041924476623535,
    4.101263999938965,
    4.129305839538574,
    4.129764556884766,
    4.1453022956848145,
    4.123195648193359,
    4.116362571716309,
    4.061585903167725,
    4.072696685791016,
    4.121352195739746,
    4.073994159698486,
    4.120667457580566,
    4.077035903930664,
    4.106401443481445,
    4.147315979003906,
    4.085581302642822,
    4.1082868576049805,
    4.1345977783203125,
    4.166604995727539,
    4.163593292236328,
    4.140422821044922,
    4.110909938812256,
    4.081305503845215,
    4.173027038574219,
    4.1470947265625,
    4.1160101890563965,
    4.120340347290039,
    4.125620365142822,
    4.188782691955566,
    4.161397933959961,
    4.159930229187012,
    4.135098934173584,
    4.107885360717773,
    4.073376655578613,
    4.106579780578613,
    4.042431831359863,
    4.1873016357421875,
    4.06581974029541,
    4.112175941467285,
    4.1294121742248535,
    4.221689224243164,
    4.079165458679199,
    4.119504451751709,
    4.126371383666992,
    4.098418235778809,
    4.14260196685791,
    4.020693778991699,
    4.104957580566406,
    4.076594352722168,
    4.098105430603027,
    4.095529079437256,
    4.10551118850708,
    4.070168495178223,
    4.0667405128479,
    4.124361038208008,
    4.051177501678467
  ],
  "samples": 35000
}