{
  "loss_log": [
    4.5294413566589355,
    4.19281005859375,
    4.377089023590088,
    3.7595114707946777,
    4.046636581420898,
    4.061993598937988,
    3.6607179641723633,
    3.747929334640503,
    3.824049949645996,
    3.3937251567840576,
    3.568587303161621,
    3.0622687339782715,
    3.488163709640503,
    3.156531810760498,
    2.921931743621826,
    2.9617395401000977,
    2.988424062728882,
    3.008868455886841,
    3.004988670349121,
    2.684706449508667,
    2.68312406539917,
    2.848515748977661,
    2.761868715286255,
    2.7985856533050537,
    2.628884792327881,
    2.8140459060668945,
    2.6534762382507324,
    2.6109800338745117,
    2.6373910903930664,
    2.5237438678741455,
    2.7080249786376953,
    2.569720506668091,
    2.680018424987793,
    2.469311475753784,
    2.4231936931610107,
    2.3674843311309814,
    2.6170754432678223,
    2.3086466789245605,
    2.4351720809936523,
    2.4789562225341797,
    2.3931424617767334,
    2.511308193206787,
    2.445899248123169,
    2.2973196506500244,
    2.2833428382873535,
    2.327988862991333,
    2.2741641998291016,
    2.281381130218506,
    2.451840877532959,
    2.420779228210449,
    2.450444459915161,
    2.3093366622924805,
    2.3186533451080322,
    2.3048644065856934,
    2.3482322692871094,
    2.130648136138916,
    2.336602210998535,
    2.225470542907715,
    2.1546597480773926,
    2.1212172508239746,
    2.145301342010498,
    2.296886682510376,
    2.028724193572998,
    2.1319713592529297,
    2.0269670486450195,
    2.3172340393066406,
    1.928758978843689,
    1.9731937646865845,
    2.051952600479126,
    2.119976758956909,
    2.0174882411956787,
    2.0038084983825684,
    2.2337076663970947,
    1.9476659297943115,
    2.1041998863220215,
    1.9869102239608765,
    1.9003106355667114,
    2.1442503929138184,
    1.8059223890304565
  ],
  "samples": 336000
}