{
  "loss_log": [
    6.987378120422363,
    5.646883487701416,
    5.607690334320068,
    4.731419563293457,
    4.1106743812561035,
    3.9674553871154785,
    4.112760543823242,
    3.340827465057373,
    3.3879270553588867,
    3.2711806297302246,
    3.319913864135742,
    3.3712708950042725,
    3.232513189315796,
    3.1738076210021973,
    3.1287593841552734,
    3.233722448348999,
    3.295474052429199,
    3.244076728820801,
    3.0230698585510254,
    3.24430513381958,
    3.1815314292907715,
    3.0854275226593018,
    2.971212387084961,
    3.019648551940918,
    3.1449999809265137,
    2.7701945304870605,
    2.6839821338653564,
    2.724397659301758,
    2.690723419189453,
    2.576160192489624,
    2.5946059226989746,
    2.627078056335449,
    2.453219413757324,
    2.4397246837615967,
    2.5270795822143555,
    2.5588440895080566,
    2.524775981903076,
    2.4485182762145996,
    2.444608688354492,
    2.2489657402038574,
    2.4156363010406494,
    2.4071192741394043,
    2.298576831817627,
    2.146261692047119,
    2.291001796722412,
    2.2100350856781006,
    2.193474292755127,
    2.13247013092041,
    2.094808578491211,
    2.135190010070801,
    2.164033889770508,
    2.0758538246154785,
    2.2502903938293457,
    1.9881422519683838,
    2.030787467956543,
    2.012533664703369,
    1.9258562326431274,
    1.9781627655029297,
    1.9449392557144165,
    1.8939579725265503,
    2.0391833782196045,
    1.9247419834136963,
    1.827592372894287,
    1.9363445043563843,
    1.888479232788086,
    1.842315912246704,
    1.801199197769165,
    1.815421462059021,
    1.8978495597839355,
    1.8775172233581543,
    1.9861105680465698,
    1.8415300846099854,
    1.8365108966827393,
    1.814090371131897,
    1.8187254667282104,
    1.8366367816925049,
    1.7569260597229004,
    1.8545267581939697,
    1.6251120567321777
  ],
  "samples": 421000
}