{
  "loss_log": [
    5.523852348327637,
    5.662549018859863,
    5.479957103729248,
    4.1184892654418945,
    4.707742691040039,
    4.057888984680176,
    3.659196376800537,
    4.185668468475342,
    3.578184127807617,
    3.219048023223877,
    3.0721874237060547,
    3.2055563926696777,
    3.18455171585083,
    3.1938953399658203,
    3.220060110092163,
    3.033881664276123,
    3.0676188468933105,
    3.200345039367676,
    2.999053955078125,
    2.736185073852539,
    2.831666946411133,
    2.710538625717163,
    2.862478733062744,
    2.7927989959716797,
    2.872199535369873,
    2.7341742515563965,
    2.7671685218811035,
    2.6557364463806152,
    2.7333340644836426,
    2.597602128982544,
    2.52301025390625,
    2.7192158699035645,
    2.545037269592285,
    2.55081844329834,
    2.7166104316711426,
    2.335761070251465,
    2.5851831436157227,
    2.5898404121398926,
    2.4481406211853027,
    2.5683822631835938,
    2.6551802158355713,
    2.6805787086486816,
    2.5502777099609375,
    2.505772113800049,
    2.436326742172241,
    2.259977102279663,
    2.476677894592285,
    2.424009323120117,
    2.3783159255981445,
    2.478764533996582,
    2.485224962234497,
    2.3284754753112793,
    2.3080780506134033,
    2.431135416030884,
    2.2906148433685303,
    2.509153366088867,
    2.3478219509124756,
    2.1772358417510986,
    2.3715407848358154,
    2.3390250205993652,
    2.1935667991638184,
    2.381354808807373,
    2.3397438526153564,
    2.2435455322265625,
    2.26617431640625,
    2.2732157707214355,
    2.2040038108825684,
    2.218303680419922,
    2.1501412391662598,
    2.0896925926208496,
    1.983223795890808,
    2.226099967956543,
    2.1502270698547363,
    2.1131350994110107,
    2.3441123962402344,
    2.252768039703369,
    2.1085312366485596,
    2.104600667953491,
    2.3091776371002197
  ],
  "samples": 271000
}