{
  "loss_log": [
    3.311187982559204,
    3.412083625793457,
    3.1651368141174316,
    3.215620756149292,
    3.0427145957946777,
    2.9235599040985107,
    2.971195936203003,
    2.8084940910339355,
    2.8236117362976074,
    2.8354103565216064,
    2.646693706512451,
    2.572798252105713,
    2.5372748374938965,
    2.5824978351593018,
    2.691464900970459,
    2.672910451889038,
    2.636180877685547,
    2.330073118209839,
    2.668245792388916,
    2.6507530212402344,
    2.5595035552978516,
    2.5706491470336914,
    2.576655864715576,
    2.644366979598999,
    2.6032752990722656,
    2.3924686908721924,
    2.5827927589416504,
    2.5534000396728516,
    2.496650218963623,
    2.4470739364624023,
    2.5324411392211914,
    2.5237412452697754,
    2.472189426422119,
    2.6328959465026855,
    2.373065233230591,
    2.4231204986572266,
    2.4255852699279785,
    2.3480939865112305,
    2.4385712146759033,
    2.342843532562256,
    2.3483991622924805,
    2.108924150466919,
    2.4010424613952637,
    2.4167494773864746,
    2.5208420753479004,
    2.572984457015991,
    2.258425712585449,
    2.365755081176758,
    2.30094575881958,
    2.2918219566345215,
    2.4387669563293457,
    2.351141929626465,
    2.1368801593780518,
    2.4892866611480713,
    2.2812070846557617,
    2.35906720161438,
    2.3781514167785645,
    2.396790027618408,
    2.1818900108337402,
    2.206249713897705,
    2.215118885040283,
    2.2815353870391846,
    2.306682586669922,
    2.195500612258911,
    2.5399341583251953,
    2.15543794631958,
    2.3778200149536133,
    2.4124598503112793,
    2.3592076301574707,
    2.266676902770996,
    2.1323392391204834,
    2.2696475982666016,
    2.204958438873291,
    2.2491371631622314,
    2.184995651245117,
    2.2439522743225098,
    2.321906566619873,
    2.2990951538085938,
    2.0891809463500977
  ],
  "samples": 241000
}