{
  "loss_log": [
    4.6275763511657715,
    3.8822853565216064,
    3.6226699352264404,
    3.5505428314208984,
    3.4813623428344727,
    3.879896402359009,
    3.629591464996338,
    3.4453887939453125,
    3.2777485847473145,
    3.083892822265625,
    2.8775691986083984,
    3.306135416030884,
    3.195005178451538,
    2.8360114097595215,
    3.0667736530303955,
    2.955256938934326,
    2.9990179538726807,
    2.5407156944274902,
    2.749948024749756,
    2.9663727283477783,
    2.78582501411438,
    2.7795233726501465,
    2.7927751541137695,
    2.6211776733398438,
    2.6094417572021484,
    2.58945369720459,
    2.6054937839508057,
    2.462815761566162,
    2.4976422786712646,
    2.5096845626831055,
    2.485945224761963,
    2.2656750679016113,
    2.5002684593200684,
    2.581481695175171,
    2.3275160789489746,
    2.5223546028137207,
    2.559232711791992,
    2.2822561264038086,
    2.2868382930755615,
    2.4493207931518555,
    2.2705588340759277,
    2.390432596206665,
    2.430943727493286,
    2.309440851211548,
    2.2440552711486816,
    2.295745849609375,
    2.1673927307128906,
    2.165450096130371,
    2.2206034660339355,
    2.305476188659668,
    2.292391777038574,
    2.4041390419006348,
    2.227815866470337,
    2.1830549240112305,
    2.3417301177978516,
    2.09155011177063,
    2.190354108810425,
    2.078749895095825,
    2.2239856719970703,
    2.2115159034729004,
    2.1849002838134766,
    2.1184959411621094,
    2.149466037750244,
    2.0886683464050293,
    2.0961270332336426,
    2.1045610904693604,
    2.0721793174743652,
    2.075108051300049,
    2.128371000289917,
    2.2378172874450684,
    2.0739922523498535,
    2.0899171829223633,
    2.1231436729431152,
    2.177347421646118,
    2.1175272464752197,
    2.136962413787842,
    2.0294365882873535,
    2.0816216468811035,
    1.8473517894744873
  ],
  "samples": 281000
}