{
  "loss_log": [
    2.558520793914795,
    2.95759916305542,
    2.7514240741729736,
    3.081671714782715,
    2.780193328857422,
    2.936796188354492,
    2.8290116786956787,
    3.0660476684570312,
    3.0860493183135986,
    2.698151111602783,
    2.725897789001465,
    2.8733227252960205,
    2.7492432594299316,
    2.9266357421875,
    2.9866549968719482,
    3.0376529693603516,
    2.9533848762512207,
    2.972630262374878,
    2.9243645668029785,
    2.884918212890625,
    3.0715904235839844,
    2.671020984649658,
    3.126099109649658,
    2.7354862689971924,
    2.9467926025390625,
    2.8655738830566406,
    2.877333641052246,
    2.6441352367401123,
    2.721951484680176,
    2.8681273460388184,
    2.797609329223633,
    2.672820568084717,
    2.9346046447753906,
    2.9040446281433105,
    2.751147747039795,
    2.551970958709717,
    2.806351661682129,
    2.907236099243164,
    2.8610377311706543,
    2.731200933456421,
    2.801035165786743,
    2.7944536209106445,
    2.902632236480713,
    3.1462788581848145,
    2.7853355407714844,
    2.769014358520508,
    2.7661495208740234,
    2.5734128952026367,
    2.981032371520996,
    2.8456645011901855,
    2.762812852859497,
    3.032076120376587,
    2.838463306427002,
    2.944103479385376,
    2.807671546936035,
    2.7485251426696777,
    3.0184741020202637,
    2.9248552322387695,
    3.0369162559509277,
    2.9047813415527344,
    3.1232235431671143,
    2.998015880584717,
    2.7565250396728516,
    2.8433663845062256,
    3.1874165534973145,
    2.8784117698669434,
    3.137759208679199,
    2.925692081451416,
    2.763145923614502,
    2.9399704933166504,
    3.010084629058838,
    2.8836865425109863,
    2.906421422958374,
    2.5885326862335205,
    2.899423599243164,
    3.0092177391052246,
    2.8501908779144287,
    2.6646547317504883,
    2.6819088459014893
  ],
  "samples": 201000
}