{
  "loss_log": [
    4.641396999359131,
    4.635102272033691,
    4.196434497833252,
    4.442732334136963,
    4.940752029418945,
    4.244419097900391,
    3.630481719970703,
    3.530879020690918,
    4.041234970092773,
    3.500098943710327,
    3.4976043701171875,
    3.204792022705078,
    3.1068015098571777,
    3.1026933193206787,
    3.25894832611084,
    3.311979293823242,
    2.853017807006836,
    2.999091625213623,
    3.095261812210083,
    3.085019588470459,
    2.544158458709717,
    2.811919689178467,
    2.820861339569092,
    2.6433396339416504,
    2.612809181213379,
    2.7093677520751953,
    2.543132781982422,
    2.495584011077881,
    2.6042215824127197,
    2.6816558837890625,
    2.46273136138916,
    2.2203173637390137,
    2.484870433807373,
    2.4363317489624023,
    2.4867868423461914,
    2.345280170440674,
    2.2519965171813965,
    2.317897319793701,
    2.1320748329162598,
    2.115145206451416,
    2.1548843383789062,
    2.1401126384735107,
    2.1954686641693115,
    1.968890905380249,
    2.0578269958496094,
    2.0243337154388428,
    1.9868576526641846,
    2.0258474349975586,
    1.9942758083343506,
    2.121459484100342,
    1.956108808517456,
    1.975959300994873,
    1.9966793060302734,
    1.996323585510254,
    1.949357509613037,
    1.8620452880859375,
    1.8732802867889404,
    1.9225845336914062,
    1.8156477212905884,
    1.9000847339630127,
    1.8173294067382812,
    1.8004324436187744,
    1.8579065799713135,
    1.900498628616333,
    1.7899982929229736,
    1.8155653476715088,
    1.7950607538223267,
    1.812040090560913,
    1.746246337890625,
    1.763465166091919,
    1.7183562517166138,
    1.7509084939956665,
    1.7289834022521973,
    1.7503998279571533,
    1.7481337785720825,
    1.7473957538604736,
    1.6835087537765503,
    1.7295873165130615,
    1.6479791402816772
  ],
  "samples": 431000
}