{
  "loss_log": [
    2.9066834449768066,
    2.9634861946105957,
    2.8891026973724365,
    3.082184314727783,
    2.89296817779541,
    2.9872303009033203,
    3.0667710304260254,
    2.859421730041504,
    2.9966940879821777,
    3.2195475101470947,
    3.3391244411468506,
    2.759716510772705,
    3.1624860763549805,
    3.3251307010650635,
    3.303879499435425,
    3.0966227054595947,
    3.4932632446289062,
    2.953329086303711,
    3.2671618461608887,
    2.7338643074035645,
    2.899961471557617,
    3.089186668395996,
    2.7838902473449707,
    2.8971498012542725,
    3.1024975776672363,
    3.1687121391296387,
    3.263607978820801,
    2.992130756378174,
    3.0387625694274902,
    2.9191701412200928,
    3.4737071990966797,
    3.0386061668395996,
    3.194835901260376,
    2.852187156677246,
    2.923623561859131,
    3.0283005237579346,
    3.385444164276123,
    3.0083885192871094,
    3.111766815185547,
    3.1366419792175293,
    3.373810291290283,
    3.1241469383239746,
    2.8513894081115723,
    2.967210292816162,
    3.187500238418579,
    3.3192696571350098,
    3.2051312923431396,
    2.947387933731079,
    2.846186876296997,
    2.6848347187042236,
    3.2469253540039062,
    2.892815113067627,
    2.600541114807129,
    3.354130744934082,
    3.2125566005706787,
    2.78139066696167,
    3.043712615966797,
    2.9731500148773193,
    2.794940948486328,
    3.0788235664367676,
    2.8474769592285156,
    3.139747142791748,
    3.028714179992676,
    2.9929392337799072,
    3.1087944507598877,
    3.2722082138061523,
    2.9942376613616943,
    3.237816572189331,
    3.174442768096924,
    2.7460312843322754,
    2.7158265113830566,
    2.638885021209717,
    3.6226749420166016,
    3.207700729370117,
    2.992368698120117,
    3.177694320678711,
    3.0819778442382812,
    2.8789913654327393,
    3.187739372253418
  ],
  "samples": 56000
}