{
  "loss_log": [
    4.9982686042785645,
    4.409902572631836,
    4.308831214904785,
    4.775693416595459,
    4.254177093505859,
    3.7307984828948975,
    3.7092599868774414,
    3.8709468841552734,
    3.897014856338501,
    3.595902442932129,
    3.3328819274902344,
    3.0369279384613037,
    3.298151969909668,
    3.381854295730591,
    3.2008819580078125,
    3.175220012664795,
    3.277656078338623,
    3.1896204948425293,
    3.094512939453125,
    3.1877970695495605,
    3.0502877235412598,
    3.0765953063964844,
    3.073920249938965,
    2.9066758155822754,
    2.9886627197265625,
    2.8155088424682617,
    2.9622459411621094,
    3.1231417655944824,
    2.8512773513793945,
    2.899749517440796,
    2.8119029998779297,
    2.8920888900756836,
    2.970717430114746,
    2.872960090637207,
    2.9171791076660156,
    2.9077401161193848,
    2.88342022895813,
    2.9374125003814697,
    2.871248722076416,
    2.8244900703430176,
    2.7368123531341553,
    2.7294416427612305,
    2.7723467350006104,
    2.604430913925171,
    2.6965994834899902,
    2.6870436668395996,
    2.6776955127716064,
    2.6093621253967285,
    2.6485435962677,
    2.7395682334899902,
    2.7909631729125977,
    2.7188713550567627,
    2.6103830337524414,
    2.6738991737365723,
    2.5870096683502197,
    2.636162281036377,
    2.5779848098754883,
    2.6704630851745605,
    2.5071702003479004,
    2.6705071926116943,
    2.6506447792053223,
    2.6308679580688477,
    2.590364933013916,
    2.5455617904663086,
    2.5922460556030273,
    2.637580156326294,
    2.656761646270752,
    2.537871837615967,
    2.484968662261963,
    2.6708052158355713,
    2.5531187057495117,
    2.5231471061706543,
    2.5616579055786133,
    2.5854740142822266,
    2.5174779891967773,
    2.591512680053711,
    2.4738972187042236,
    2.4098591804504395,
    2.488649845123291
  ],
  "samples": 541000
}