{
  "loss_log": [
    3.263676643371582,
    3.2627148628234863,
    3.110337495803833,
    3.220773696899414,
    3.4932169914245605,
    3.021064281463623,
    3.22430419921875,
    3.391524314880371,
    3.167259931564331,
    3.4066741466522217,
    2.9409892559051514,
    3.047978401184082,
    3.1981520652770996,
    3.1598682403564453,
    2.966752052307129,
    3.2660810947418213,
    2.97015118598938,
    3.3563709259033203,
    3.3161802291870117,
    2.9723992347717285,
    2.921649932861328,
    2.7960257530212402,
    2.995636224746704,
    3.0951850414276123,
    3.195280075073242,
    3.2395706176757812,
    3.1645829677581787,
    3.328425645828247,
    2.9923977851867676,
    3.2284159660339355,
    2.969269037246704,
    2.8054096698760986,
    3.0404422283172607,
    3.1185898780822754,
    3.0424485206604004,
    3.1550722122192383,
    3.2446115016937256,
    3.2876486778259277,
    3.255580425262451,
    2.8779802322387695,
    3.0766351222991943,
    2.971130847930908,
    3.214789867401123,
    2.8697972297668457,
    2.747429609298706,
    3.3583977222442627,
    3.143040180206299,
    3.0446300506591797,
    3.165799140930176,
    2.861971855163574,
    2.663255214691162,
    2.950542449951172,
    3.1893978118896484,
    3.197798252105713,
    3.2070159912109375,
    3.110381841659546,
    3.218079090118408,
    2.8342204093933105,
    2.9572625160217285,
    3.012439250946045,
    3.002528429031372,
    3.114978075027466,
    3.170332670211792,
    2.8502516746520996,
    3.187150716781616,
    3.0654296875,
    3.0844826698303223,
    3.326777935028076,
    3.168665885925293,
    3.028517723083496,
    3.1437907218933105,
    2.9547460079193115,
    3.0040018558502197,
    3.1809988021850586,
    3.159358501434326,
    3.243762493133545,
    3.0158400535583496,
    2.7378039360046387,
    2.8252358436584473
  ],
  "samples": 51000
}