{
  "loss_log": [
    2.9021053314208984,
    2.665358543395996,
    3.2580113410949707,
    3.0559563636779785,
    3.0492398738861084,
    2.9294886589050293,
    3.1018543243408203,
    2.994262218475342,
    3.1217358112335205,
    3.181610584259033,
    2.807187080383301,
    3.322726249694824,
    2.9802908897399902,
    2.945073366165161,
    3.1255974769592285,
    2.936976432800293,
    2.7586610317230225,
    3.015806198120117,
    2.955343723297119,
    3.0454530715942383,
    2.993138551712036,
    3.1549088954925537,
    2.9100842475891113,
    3.282519578933716,
    3.183594226837158,
    3.153219223022461,
    3.1670475006103516,
    3.21358060836792,
    3.0189220905303955,
    2.929039478302002,
    2.8970189094543457,
    3.3028712272644043,
    2.989086389541626,
    2.7897450923919678,
    2.9421682357788086,
    3.040484666824341,
    3.395131826400757,
    2.770249366760254,
    3.0790300369262695,
    3.025765895843506,
    3.098046064376831,
    3.075397491455078,
    3.3407578468322754,
    3.04506254196167,
    2.8200831413269043,
    2.9859237670898438,
    2.7985570430755615,
    3.2036638259887695,
    2.909721612930298,
    3.13252592086792,
    2.7971596717834473,
    2.98250150680542,
    2.9974048137664795,
    3.1275219917297363,
    3.1618075370788574,
    3.160977363586426,
    3.1560730934143066,
    3.160167694091797,
    3.3415703773498535,
    2.7483441829681396,
    2.895298480987549,
    3.3508613109588623,
    3.2177109718322754,
    2.783445119857788,
    3.0194132328033447,
    2.7883501052856445,
    3.1916329860687256,
    3.1525444984436035,
    2.9688498973846436,
    2.6907057762145996,
    2.993452787399292,
    2.681987762451172,
    3.2301249504089355,
    2.7315800189971924,
    3.1446802616119385,
    2.981860876083374,
    2.995926856994629,
    3.268470287322998,
    2.704294204711914
  ],
  "samples": 66000
}