{
  "loss_log": [
    3.23958158493042,
    2.856767416000366,
    2.9990673065185547,
    3.097604751586914,
    2.898383140563965,
    3.061861991882324,
    3.007310628890991,
    2.880031108856201,
    2.807051658630371,
    3.2459025382995605,
    3.2008533477783203,
    3.092787742614746,
    2.6708130836486816,
    3.1540160179138184,
    2.936723232269287,
    3.1824798583984375,
    3.0895113945007324,
    3.244319438934326,
    3.1858625411987305,
    3.0824637413024902,
    2.7577075958251953,
    2.69136905670166,
    2.8592069149017334,
    2.643698215484619,
    3.4083826541900635,
    2.808746337890625,
    3.1556129455566406,
    2.5626096725463867,
    3.095242500305176,
    2.762545347213745,
    3.2217752933502197,
    2.662449359893799,
    2.6623940467834473,
    2.8487865924835205,
    2.7329750061035156,
    2.8250162601470947,
    3.150787830352783,
    3.1289052963256836,
    2.6867246627807617,
    3.077031135559082,
    2.9410789012908936,
    2.719513177871704,
    2.6980509757995605,
    2.7634286880493164,
    2.821312427520752,
    3.100170373916626,
    2.700674533843994,
    2.97576904296875,
    2.9765005111694336,
    2.8293936252593994,
    2.999079704284668,
    3.2314863204956055,
    2.887633800506592,
    3.3274686336517334,
    2.683558940887451,
    2.943307638168335,
    2.97114896774292,
    3.031707763671875,
    3.1077380180358887,
    3.037524938583374,
    3.0356059074401855,
    3.2831687927246094,
    3.23742938041687,
    3.0805509090423584,
    3.0429229736328125,
    2.9916419982910156,
    2.944932222366333,
    2.7966630458831787,
    2.7113723754882812,
    3.460768699645996,
    3.054286241531372,
    2.731638193130493,
    2.540344715118408,
    3.093216896057129,
    2.9936482906341553,
    2.926767349243164,
    3.3013455867767334,
    3.0258374214172363,
    2.7745418548583984
  ],
  "samples": 76000
}