{
  "loss_log": [
    5.242008209228516,
    4.747375965118408,
    4.063196182250977,
    4.581634521484375,
    4.6361589431762695,
    3.8646090030670166,
    3.3949646949768066,
    3.6881561279296875,
    3.667813777923584,
    3.612649917602539,
    3.126217842102051,
    3.238614559173584,
    3.4600260257720947,
    3.2859010696411133,
    3.28646183013916,
    3.2904105186462402,
    3.152853488922119,
    3.155259132385254,
    2.900402545928955,
    3.100062131881714,
    3.1446354389190674,
    3.041490077972412,
    2.975867509841919,
    2.9790210723876953,
    2.9340624809265137,
    2.95420503616333,
    2.963026523590088,
    2.914689064025879,
    2.928317070007324,
    2.865324020385742,
    2.873220205307007,
    2.681119918823242,
    2.8326616287231445,
    2.9528565406799316,
    2.7912161350250244,
    2.797914505004883,
    2.72723126411438,
    2.7557950019836426,
    2.695394515991211,
    2.6533823013305664,
    2.7434158325195312,
    2.7386319637298584,
    2.651771068572998,
    2.6593289375305176,
    2.6509056091308594,
    2.6294803619384766,
    2.66280198097229,
    2.6894960403442383,
    2.656049966812134,
    2.7099132537841797,
    2.554013967514038,
    2.5650463104248047,
    2.599869728088379,
    2.591823101043701,
    2.6236305236816406,
    2.5848655700683594,
    2.5172927379608154,
    2.5588293075561523,
    2.411095380783081,
    2.547664165496826,
    2.5020766258239746,
    2.486316204071045,
    2.5501632690429688,
    2.5928215980529785,
    2.489496946334839,
    2.522961378097534,
    2.522264003753662,
    2.587419033050537,
    2.4966561794281006,
    2.5138983726501465,
    2.537731647491455,
    2.5254292488098145,
    2.4478654861450195,
    2.576143741607666,
    2.4601457118988037,
    2.445035457611084,
    2.4529738426208496,
    2.5421791076660156,
    2.3987908363342285
  ],
  "samples": 511000
}