{
  "loss_log": [
    2.8766489028930664,
    2.6391472816467285,
    3.170215606689453,
    2.711946964263916,
    3.3445725440979004,
    3.260876417160034,
    2.924844264984131,
    3.09930419921875,
    2.8765645027160645,
    2.950207233428955,
    2.980344295501709,
    2.910616636276245,
    2.501129150390625,
    2.925797939300537,
    2.879000186920166,
    3.0921428203582764,
    2.969430685043335,
    2.8154332637786865,
    3.0272436141967773,
    3.187534809112549,
    3.120969533920288,
    2.808497428894043,
    3.1466970443725586,
    3.1569180488586426,
    3.1161417961120605,
    2.740051031112671,
    2.8017959594726562,
    2.868666172027588,
    3.050060510635376,
    3.2340550422668457,
    2.998439073562622,
    2.9423508644104004,
    3.031140089035034,
    2.8642477989196777,
    3.0191614627838135,
    3.0423545837402344,
    3.1651439666748047,
    2.8494932651519775,
    2.8703789710998535,
    2.9339029788970947,
    2.876498222351074,
    2.932626247406006,
    2.9977846145629883,
    2.9460227489471436,
    3.1951067447662354,
    3.0520670413970947,
    2.9791078567504883,
    3.1451587677001953,
    2.9871323108673096,
    3.055084705352783,
    2.8802952766418457,
    3.1448376178741455,
    2.8539316654205322,
    3.0514514446258545,
    2.9064149856567383,
    2.9481101036071777,
    3.004218101501465,
    3.0847322940826416,
    2.947307825088501,
    2.9687142372131348,
    2.8376269340515137,
    2.9573986530303955,
    3.0801868438720703,
    3.0025620460510254,
    3.038814067840576,
    2.906109094619751,
    3.016535758972168,
    3.021913528442383,
    2.978144407272339,
    3.072368621826172,
    2.79817533493042,
    2.947164535522461,
    3.133882999420166,
    3.1210947036743164,
    3.0668931007385254,
    3.035891532897949,
    2.931544303894043,
    3.0929346084594727,
    3.131042242050171
  ],
  "samples": 156000
}