{
  "loss_log": [
    3.7361581325531006,
    5.054262161254883,
    3.633427143096924,
    3.946382522583008,
    2.7263197898864746,
    2.949577808380127,
    3.012441635131836,
    2.93703293800354,
    2.870802879333496,
    2.67801833152771,
    2.7428040504455566,
    2.5027718544006348,
    2.6819679737091064,
    2.569683313369751,
    2.4868173599243164,
    2.628830671310425,
    2.607743740081787,
    2.418137788772583,
    2.705955982208252,
    2.5937795639038086,
    2.4837403297424316,
    2.5414581298828125,
    2.550363063812256,
    2.554131031036377,
    2.3573875427246094,
    2.3405869007110596,
    2.4638779163360596,
    2.3853631019592285,
    2.3122308254241943,
    2.1909596920013428,
    2.2721059322357178,
    2.322267770767212,
    2.3317389488220215,
    2.4298739433288574,
    2.2236061096191406,
    2.4123659133911133,
    2.1110172271728516,
    2.362287998199463,
    2.460573196411133,
    2.4777164459228516,
    2.2593235969543457,
    2.375051498413086,
    2.393202304840088,
    2.376166820526123,
    2.276366949081421,
    2.232102394104004,
    2.139190196990967,
    2.4106712341308594,
    2.244643449783325,
    2.1433870792388916,
    2.125155210494995,
    2.2783918380737305,
    2.1749813556671143,
    1.994107723236084,
    1.9057807922363281,
    2.049725294113159,
    1.9775007963180542,
    2.114243268966675,
    2.212967872619629,
    2.089939594268799,
    2.1773037910461426,
    2.2593839168548584,
    2.3160557746887207,
    2.1000161170959473,
    2.1842565536499023,
    2.2533786296844482,
    2.035475254058838,
    2.0879502296447754,
    2.1163721084594727,
    2.130096912384033,
    2.1636781692504883,
    2.147871732711792,
    2.1322548389434814,
    1.9595582485198975,
    2.0542473793029785,
    2.0760245323181152,
    2.283588171005249,
    2.2794532775878906,
    2.569221019744873
  ],
  "samples": 246000
}