{
  "loss_log": [
    3.0739145278930664,
    3.067380905151367,
    2.9561269283294678,
    2.8725807666778564,
    2.870384931564331,
    2.836838960647583,
    3.2081446647644043,
    2.7284181118011475,
    2.989779472351074,
    3.130563735961914,
    2.9866251945495605,
    3.0283663272857666,
    3.018871784210205,
    2.7343618869781494,
    3.149108409881592,
    2.8261523246765137,
    3.1260006427764893,
    2.600475311279297,
    3.034684896469116,
    3.1993460655212402,
    2.8956668376922607,
    2.844233512878418,
    2.8546969890594482,
    2.9849863052368164,
    2.594907760620117,
    3.1919562816619873,
    2.541689872741699,
    3.183357000350952,
    3.0899462699890137,
    2.887038230895996,
    3.1129508018493652,
    3.052839756011963,
    2.9564762115478516,
    3.0215773582458496,
    3.022604465484619,
    3.0070414543151855,
    2.855250358581543,
    2.836613416671753,
    2.96633243560791,
    3.087484836578369,
    3.061157703399658,
    2.9468894004821777,
    2.763561964035034,
    2.8680050373077393,
    2.919435977935791,
    3.007659912109375,
    2.7931880950927734,
    2.835832118988037,
    2.736553430557251,
    2.9926552772521973,
    2.8180699348449707,
    3.213357448577881,
    3.1361124515533447,
    2.6944704055786133,
    3.021373748779297,
    3.08575701713562,
    3.3760643005371094,
    2.7901406288146973,
    3.0922698974609375,
    2.6772923469543457,
    3.141876697540283,
    2.84981632232666,
    2.8021039962768555,
    3.0923755168914795,
    2.9660329818725586,
    2.919649839401245,
    2.8096776008605957,
    3.001298189163208,
    2.8121228218078613,
    3.0439834594726562,
    2.765380859375,
    2.7082810401916504,
    2.820396900177002,
    2.8015830516815186,
    2.767019510269165,
    2.715165615081787,
    2.8604445457458496,
    2.722135066986084,
    2.064513683319092
  ],
  "samples": 196000
}