{
  "loss_log": [
    4.450638771057129,
    3.836717128753662,
    3.578906297683716,
    4.0095624923706055,
    3.629006862640381,
    3.5189080238342285,
    3.5412180423736572,
    3.249777317047119,
    3.1579296588897705,
    3.140146493911743,
    3.025597095489502,
    2.9791207313537598,
    3.0384488105773926,
    2.9885246753692627,
    2.7986743450164795,
    2.7011547088623047,
    2.804910898208618,
    2.7230982780456543,
    2.6160404682159424,
    2.6429603099823,
    2.6345577239990234,
    2.6123595237731934,
    2.576340675354004,
    2.7138826847076416,
    2.6420822143554688,
    2.5430145263671875,
    2.5651352405548096,
    2.675473213195801,
    2.536533832550049,
    2.551973819732666,
    2.5812764167785645,
    2.6530275344848633,
    2.5794014930725098,
    2.6021406650543213,
    2.5306153297424316,
    2.5215866565704346,
    2.465090036392212,
    2.576813220977783,
    2.5581231117248535,
    2.4826254844665527,
    2.547236919403076,
    2.4951589107513428,
    2.4950876235961914,
    2.4883170127868652,
    2.596122980117798,
    2.524993658065796,
    2.4562880992889404,
    2.5086450576782227,
    2.4793126583099365,
    2.5408506393432617,
    2.547671318054199,
    2.502347469329834,
    2.5478971004486084,
    2.4281651973724365,
    2.5641531944274902,
    2.4579010009765625,
    2.4685699939727783,
    2.5085701942443848,
    2.4828619956970215,
    2.5009398460388184,
    2.4783828258514404,
    2.4170713424682617,
    2.481045961380005,
    2.5202529430389404,
    2.506377696990967,
    2.388390064239502,
    2.4659829139709473,
    2.4450483322143555,
    2.3608155250549316,
    2.420651435852051,
    2.450122594833374,
    2.390145778656006,
    2.4457385540008545,
    2.4272871017456055,
    2.4516780376434326,
    2.4827332496643066,
    2.415018320083618,
    2.4524030685424805,
    2.4458255767822266
  ],
  "samples": 526000
}