{
  "loss_log": [
    6.9259161949157715,
    6.459723472595215,
    5.637114524841309,
    4.677559852600098,
    4.4775004386901855,
    4.808803558349609,
    3.913806676864624,
    4.091544151306152,
    3.6623666286468506,
    3.2631473541259766,
    3.3475441932678223,
    3.9855563640594482,
    3.4149856567382812,
    3.060096025466919,
    3.049807071685791,
    2.9706308841705322,
    3.1238584518432617,
    3.07607364654541,
    2.8547608852386475,
    2.715022087097168,
    2.6827940940856934,
    2.79939603805542,
    2.8443000316619873,
    3.0110979080200195,
    2.8295154571533203,
    2.7016358375549316,
    2.62192440032959,
    2.501072645187378,
    2.5894577503204346,
    2.6722540855407715,
    2.587769031524658,
    2.428062915802002,
    2.4085583686828613,
    2.2911689281463623,
    2.428142786026001,
    2.313103675842285,
    2.2597203254699707,
    2.3347299098968506,
    2.4022626876831055,
    2.1940298080444336,
    2.3220977783203125,
    2.2567696571350098,
    2.1798248291015625,
    2.2527599334716797,
    2.0680556297302246,
    2.0117883682250977,
    2.102773427963257,
    2.211671829223633,
    2.005972385406494,
    2.0428428649902344,
    2.111473560333252,
    2.0088305473327637,
    2.0169763565063477,
    1.982265830039978,
    2.0152108669281006,
    1.9377715587615967,
    1.9400430917739868,
    1.8894418478012085,
    1.9084219932556152,
    1.921782374382019,
    1.8469325304031372,
    1.8869969844818115,
    1.8423957824707031,
    1.7739735841751099,
    1.8584377765655518,
    1.8738939762115479,
    1.8321573734283447,
    1.7955913543701172,
    1.7877447605133057,
    1.7948415279388428,
    1.8095343112945557,
    1.7510764598846436,
    1.7596380710601807,
    1.8065887689590454,
    1.744600534439087,
    1.7437870502471924,
    1.7049791812896729,
    1.7298572063446045,
    1.8692032098770142
  ],
  "samples": 456000
}