{
  "loss_log": [
    4.612406253814697,
    4.206804275512695,
    4.646524906158447,
    4.6588358879089355,
    4.225795745849609,
    3.7945573329925537,
    3.7367935180664062,
    3.774465799331665,
    3.620121717453003,
    3.126556873321533,
    3.385796308517456,
    3.1284255981445312,
    3.1546363830566406,
    3.3542537689208984,
    3.111064910888672,
    3.0460257530212402,
    3.057804584503174,
    3.055495262145996,
    2.9544172286987305,
    2.9736623764038086,
    2.8856215476989746,
    2.9019205570220947,
    3.052858591079712,
    2.821359157562256,
    2.8486979007720947,
    2.8765408992767334,
    2.811107635498047,
    2.8239665031433105,
    2.896759510040283,
    2.8487162590026855,
    2.8706583976745605,
    2.727201223373413,
    2.732790946960449,
    2.7684645652770996,
    2.8537635803222656,
    2.7696187496185303,
    2.7368252277374268,
    2.6831696033477783,
    2.8002467155456543,
    2.6728367805480957,
    2.661180019378662,
    2.7058820724487305,
    2.5445659160614014,
    2.6266210079193115,
    2.600144147872925,
    2.685424327850342,
    2.5909814834594727,
    2.523381233215332,
    2.5697896480560303,
    2.629537582397461,
    2.5559611320495605,
    2.6012158393859863,
    2.590003252029419,
    2.5245237350463867,
    2.4705724716186523,
    2.500274658203125,
    2.545365810394287,
    2.525151014328003,
    2.6228363513946533,
    2.521491527557373,
    2.5704290866851807,
    2.440269947052002,
    2.516512393951416,
    2.479591131210327,
    2.439915657043457,
    2.4223008155822754,
    2.432835340499878,
    2.4886515140533447,
    2.4646193981170654,
    2.53511381149292,
    2.445481300354004,
    2.4971821308135986,
    2.4574389457702637,
    2.459038257598877,
    2.5299079418182373,
    2.4895198345184326,
    2.4897186756134033,
    2.511321544647217,
    2.382153034210205
  ],
  "samples": 521000
}