{
  "loss_log": [
    5.282281875610352,
    4.6514668464660645,
    4.298413276672363,
    4.862886428833008,
    4.908596992492676,
    4.3319315910339355,
    3.696660280227661,
    3.6640336513519287,
    4.170912742614746,
    3.591905117034912,
    3.807415723800659,
    2.7917442321777344,
    3.333592414855957,
    3.7047946453094482,
    3.146669387817383,
    3.3084821701049805,
    3.3665623664855957,
    3.2248215675354004,
    3.051820755004883,
    2.9221749305725098,
    3.107166290283203,
    3.026273250579834,
    3.301539659500122,
    3.107022762298584,
    2.98614501953125,
    2.917973756790161,
    3.123565673828125,
    3.1051721572875977,
    2.8602981567382812,
    2.935183048248291,
    2.8625245094299316,
    2.984280586242676,
    2.8656156063079834,
    2.875807285308838,
    2.896273612976074,
    2.6780104637145996,
    2.6723506450653076,
    2.828240394592285,
    2.6684656143188477,
    2.625168800354004,
    2.8218469619750977,
    2.7716174125671387,
    2.6243481636047363,
    2.7538979053497314,
    2.8576607704162598,
    2.6739797592163086,
    2.6107113361358643,
    2.7946348190307617,
    2.769641399383545,
    2.628005266189575,
    2.652298927307129,
    2.6486897468566895,
    2.385140895843506,
    2.428427219390869,
    2.4624621868133545,
    2.3980517387390137,
    2.5124526023864746,
    2.457998514175415,
    2.341522693634033,
    2.379565715789795,
    2.4891934394836426,
    2.6296467781066895,
    2.254058599472046,
    2.6214051246643066,
    2.362416982650757,
    2.3939616680145264,
    2.596841812133789,
    2.398280620574951,
    2.2797532081604004,
    2.351626396179199,
    2.390214204788208,
    2.147578001022339,
    2.42555570602417,
    2.392162799835205,
    2.4387662410736084,
    2.548996925354004,
    2.415471315383911,
    2.395693302154541,
    2.0266966819763184
  ],
  "samples": 301000
}