{
  "loss_log": [
    5.109444618225098,
    4.490975379943848,
    4.997187614440918,
    4.171989917755127,
    4.380133628845215,
    3.90596866607666,
    3.360414981842041,
    3.2547965049743652,
    3.2528181076049805,
    3.218024730682373,
    3.0997674465179443,
    3.1915206909179688,
    3.377974510192871,
    3.3201088905334473,
    3.0224359035491943,
    2.9597504138946533,
    2.8328959941864014,
    2.9762353897094727,
    2.897274971008301,
    2.929105758666992,
    2.7699921131134033,
    2.7223615646362305,
    2.774874687194824,
    2.625030279159546,
    2.613971710205078,
    2.4324653148651123,
    2.4507596492767334,
    2.4828717708587646,
    2.3808183670043945,
    2.483914375305176,
    2.38895320892334,
    2.351663589477539,
    2.3916382789611816,
    2.2104110717773438,
    2.2776918411254883,
    2.476386785507202,
    2.2934560775756836,
    2.2430472373962402,
    2.2157065868377686,
    2.2079010009765625,
    2.1661319732666016,
    2.0744199752807617,
    2.2759389877319336,
    2.0658950805664062,
    2.1723384857177734,
    2.0269246101379395,
    1.977921485900879,
    2.0744972229003906,
    2.016090154647827,
    1.9403462409973145,
    1.8759777545928955,
    1.9543142318725586,
    2.0271759033203125,
    1.9937207698822021,
    1.8852953910827637,
    1.9359197616577148,
    1.9140976667404175,
    1.9135019779205322,
    1.908249020576477,
    1.8779222965240479,
    1.849515438079834,
    1.863150715827942,
    1.838415265083313,
    1.846932053565979,
    1.8614224195480347,
    1.8548033237457275,
    1.9793775081634521,
    1.7541992664337158,
    1.9364278316497803,
    1.932145357131958,
    1.803588628768921,
    1.8127394914627075,
    1.939638614654541,
    1.8231732845306396,
    1.9018988609313965,
    1.8593323230743408,
    1.8217730522155762,
    2.055129051208496,
    1.5934234857559204
  ],
  "samples": 436000
}