{
  "loss_log": [
    3.212998867034912,
    2.7839648723602295,
    3.0480096340179443,
    3.02577543258667,
    2.8940718173980713,
    3.002821445465088,
    2.9561946392059326,
    2.8194632530212402,
    2.8348872661590576,
    2.9840822219848633,
    3.1654372215270996,
    2.8713719844818115,
    2.7577691078186035,
    2.736419439315796,
    2.8197696208953857,
    2.792701244354248,
    3.0904288291931152,
    2.972207546234131,
    2.7882471084594727,
    2.9706945419311523,
    2.7888224124908447,
    2.8810195922851562,
    2.8608062267303467,
    2.8362507820129395,
    2.8383798599243164,
    2.9023404121398926,
    2.776162624359131,
    3.088848114013672,
    2.6922006607055664,
    2.9961910247802734,
    2.786653518676758,
    2.8752665519714355,
    3.006080150604248,
    2.7931036949157715,
    2.8844456672668457,
    3.062943935394287,
    3.117042303085327,
    2.7418715953826904,
    2.823084831237793,
    3.327366352081299,
    2.959770917892456,
    3.067617416381836,
    2.735684394836426,
    3.1804394721984863,
    2.77943754196167,
    2.9175124168395996,
    2.650587558746338,
    3.046891212463379,
    2.9284842014312744,
    2.6434173583984375,
    2.918858528137207,
    3.0594823360443115,
    3.0111732482910156,
    3.1447625160217285,
    2.847109317779541,
    2.917729377746582,
    2.8292877674102783,
    2.915529251098633,
    3.0945889949798584,
    3.1491734981536865,
    2.862213134765625,
    3.0386645793914795,
    2.8847055435180664,
    2.968871593475342,
    2.9211435317993164,
    3.0173563957214355,
    2.6898462772369385,
    3.0188193321228027,
    2.83536696434021,
    2.9414479732513428,
    3.180905342102051,
    2.705888271331787,
    2.5697646141052246,
    2.896254301071167,
    3.0150182247161865,
    3.1800146102905273,
    2.660689115524292,
    2.7925844192504883,
    3.3617639541625977
  ],
  "samples": 161000
}