{
  "loss_log": [
    3.0433685779571533,
    2.82914662361145,
    2.7898149490356445,
    2.895616054534912,
    3.2801361083984375,
    3.1030235290527344,
    2.637446403503418,
    2.9496002197265625,
    2.930448055267334,
    3.016298770904541,
    3.354166030883789,
    3.1187551021575928,
    2.958664655685425,
    2.93168044090271,
    2.7665045261383057,
    2.9383392333984375,
    2.847865104675293,
    2.876131534576416,
    3.0745034217834473,
    2.69157075881958,
    2.9330291748046875,
    2.8133440017700195,
    3.1791305541992188,
    3.084108352661133,
    3.122814893722534,
    3.022674560546875,
    3.2722034454345703,
    2.9011669158935547,
    2.970898389816284,
    2.859952688217163,
    2.9808826446533203,
    2.8441014289855957,
    3.1678285598754883,
    2.863168239593506,
    3.1260275840759277,
    2.943307876586914,
    2.8857979774475098,
    3.0069377422332764,
    2.8704416751861572,
    3.07906174659729,
    2.8110554218292236,
    2.824985980987549,
    2.9344282150268555,
    3.145573139190674,
    2.7814369201660156,
    2.8025879859924316,
    3.0941057205200195,
    3.0701828002929688,
    3.0259594917297363,
    2.8427014350891113,
    2.8409128189086914,
    3.029092788696289,
    2.8986058235168457,
    3.0981264114379883,
    2.749713659286499,
    2.894904136657715,
    2.9286093711853027,
    3.1959903240203857,
    3.032653570175171,
    3.3532135486602783,
    3.3012335300445557,
    3.1963295936584473,
    2.803006172180176,
    2.811469316482544,
    2.9679017066955566,
    2.815835952758789,
    2.887641668319702,
    2.893646240234375,
    3.2421131134033203,
    3.0427045822143555,
    2.8410277366638184,
    3.020730972290039,
    2.723052501678467,
    2.9962806701660156,
    3.003746509552002,
    2.8322134017944336,
    3.1367321014404297,
    3.024444818496704,
    2.9608354568481445
  ],
  "samples": 176000
}