{
  "loss_log": [
    6.368599891662598,
    6.635453224182129,
    5.651482582092285,
    5.556216239929199,
    5.107657432556152,
    4.631804943084717,
    4.014577388763428,
    4.392509460449219,
    3.97629451751709,
    3.883226156234741,
    3.8096060752868652,
    3.8581795692443848,
    3.949636936187744,
    3.6909334659576416,
    3.4478554725646973,
    3.575122356414795,
    3.3993160724639893,
    3.512098789215088,
    3.502554416656494,
    3.2679202556610107,
    3.129337787628174,
    3.2278082370758057,
    3.276724338531494,
    3.184992790222168,
    3.1700594425201416,
    3.2267508506774902,
    3.3094143867492676,
    3.1690478324890137,
    3.0285439491271973,
    3.136867046356201,
    3.1251213550567627,
    2.9286813735961914,
    2.7579574584960938,
    2.930983066558838,
    2.933009147644043,
    2.870529890060425,
    2.8909711837768555,
    2.781031608581543,
    2.7100701332092285,
    2.8298587799072266,
    2.8391833305358887,
    2.4369261264801025,
    2.4869885444641113,
    2.781770706176758,
    2.8569655418395996,
    2.658205509185791,
    2.4716057777404785,
    2.4780216217041016,
    2.479607105255127,
    2.521434783935547,
    2.400373935699463,
    2.5280449390411377,
    2.3449463844299316,
    2.528364658355713,
    2.4186367988586426,
    2.4162425994873047,
    2.379450798034668,
    2.4378597736358643,
    2.382255792617798,
    2.3614158630371094,
    2.2272071838378906,
    2.2790322303771973,
    2.2518181800842285,
    2.2708840370178223,
    2.2066681385040283,
    2.325253963470459,
    2.3668508529663086,
    2.2338614463806152,
    2.289523124694824,
    2.190636157989502,
    2.257239818572998,
    2.317290782928467,
    2.205280303955078,
    2.3468379974365234,
    2.0987977981567383,
    2.123119354248047,
    2.059049606323242,
    2.1417760848999023,
    2.1275925636291504
  ],
  "samples": 366000
}