{
  "loss_log": [
    5.51516580581665,
    5.040754318237305,
    5.423027515411377,
    4.559591293334961,
    4.060271739959717,
    4.066802978515625,
    3.7275896072387695,
    3.3964591026306152,
    3.337139368057251,
    3.230020046234131,
    3.3838295936584473,
    2.9067530632019043,
    2.5449509620666504,
    2.932158946990967,
    2.7479023933410645,
    2.832045078277588,
    2.7458837032318115,
    2.7564163208007812,
    2.587765693664551,
    2.576502799987793,
    2.580740451812744,
    2.308356761932373,
    2.4442665576934814,
    2.3863773345947266,
    2.5814719200134277,
    2.3960442543029785,
    2.246269702911377,
    2.3046576976776123,
    2.3649468421936035,
    2.1085667610168457,
    2.2819454669952393,
    2.3553225994110107,
    2.076549768447876,
    2.1863763332366943,
    2.1413462162017822,
    2.2007594108581543,
    2.1538615226745605,
    2.1687564849853516,
    2.0661587715148926,
    2.0382351875305176,
    2.0592939853668213,
    2.0311343669891357,
    2.1017560958862305,
    1.9853243827819824,
    1.8674588203430176,
    2.076235055923462,
    2.0162394046783447,
    2.195408344268799,
    1.9697856903076172,
    2.0387868881225586,
    1.9012584686279297,
    2.049185276031494,
    1.9113479852676392,
    1.8959732055664062,
    1.9003231525421143,
    1.8815655708312988,
    1.8166146278381348,
    1.8987735509872437,
    1.8886305093765259,
    1.8593320846557617,
    1.8383463621139526,
    1.838078498840332,
    1.8612653017044067,
    1.8758618831634521,
    1.863271951675415,
    1.8130853176116943,
    1.832813024520874,
    1.8061609268188477,
    1.9006145000457764,
    1.7934588193893433,
    1.907344102859497,
    1.839256763458252,
    1.9238862991333008,
    1.910240650177002,
    1.840543508529663,
    1.7872724533081055,
    1.662706971168518,
    1.8645946979522705,
    1.732177972793579
  ],
  "samples": 346000
}