{
  "loss_log": [
    5.584322929382324,
    5.256211757659912,
    5.058112144470215,
    4.567867279052734,
    4.502058982849121,
    4.254694938659668,
    3.7136778831481934,
    3.4876089096069336,
    4.119838714599609,
    3.4814324378967285,
    3.505868911743164,
    3.5072412490844727,
    3.3301756381988525,
    3.1244289875030518,
    3.2467691898345947,
    3.193927526473999,
    2.944546699523926,
    3.0887198448181152,
    2.944455146789551,
    2.9430830478668213,
    2.9220504760742188,
    2.911128044128418,
    2.884833812713623,
    2.9876885414123535,
    2.6513333320617676,
    2.818692445755005,
    2.5967941284179688,
    2.6262474060058594,
    2.7223105430603027,
    2.5181612968444824,
    2.523836135864258,
    2.6057732105255127,
    2.599445104598999,
    2.492095947265625,
    2.541463851928711,
    2.462407112121582,
    2.6450400352478027,
    2.5747992992401123,
    2.5631020069122314,
    2.3512420654296875,
    2.293748378753662,
    2.5146331787109375,
    2.499523162841797,
    2.4103195667266846,
    2.4199795722961426,
    2.2696571350097656,
    2.214073657989502,
    2.2246785163879395,
    2.2068352699279785,
    2.1788547039031982,
    2.183950424194336,
    2.194136142730713,
    2.079850435256958,
    2.0994579792022705,
    2.178546905517578,
    2.0301733016967773,
    2.2065608501434326,
    2.4781742095947266,
    2.0921640396118164,
    2.2230639457702637,
    2.0839526653289795,
    2.003056526184082,
    2.1455001831054688,
    2.1470062732696533,
    2.0008633136749268,
    2.0486931800842285,
    2.0907561779022217,
    2.083049774169922,
    1.954535722732544,
    1.9856531620025635,
    1.8880839347839355,
    2.081143379211426,
    2.0426268577575684,
    1.8781700134277344,
    2.00801682472229,
    1.864569902420044,
    2.057267189025879,
    1.8635883331298828,
    1.8558855056762695
  ],
  "samples": 451000
}