{
  "loss_log": [
    4.828495979309082,
    4.108491897583008,
    3.799025535583496,
    4.218691349029541,
    4.076238632202148,
    3.0523886680603027,
    3.229949474334717,
    3.330150604248047,
    3.218477249145508,
    2.99318790435791,
    2.864542007446289,
    3.093385696411133,
    3.0530598163604736,
    2.8227663040161133,
    2.8706490993499756,
    2.786144495010376,
    2.7148118019104004,
    2.831327438354492,
    2.7582108974456787,
    2.69435715675354,
    2.6820852756500244,
    2.657592296600342,
    2.7396609783172607,
    2.66156005859375,
    2.7268872261047363,
    2.6086933612823486,
    2.6570849418640137,
    2.665771722793579,
    2.676949977874756,
    2.654168128967285,
    2.58522891998291,
    2.6380138397216797,
    2.6118996143341064,
    2.57736873626709,
    2.570401668548584,
    2.5447804927825928,
    2.4403882026672363,
    2.4934520721435547,
    2.5163795948028564,
    2.528052568435669,
    2.4642415046691895,
    2.473942279815674,
    2.528637409210205,
    2.4856247901916504,
    2.507275104522705,
    2.4422178268432617,
    2.3667967319488525,
    2.547424793243408,
    2.483842372894287,
    2.4365928173065186,
    2.51277494430542,
    2.4594531059265137,
    2.469027519226074,
    2.4182870388031006,
    2.4599826335906982,
    2.411447525024414,
    2.4995737075805664,
    2.386629581451416,
    2.524829864501953,
    2.371551036834717,
    2.4758946895599365,
    2.4811887741088867,
    2.4244229793548584,
    2.4026126861572266,
    2.4641966819763184,
    2.3943026065826416,
    2.378737688064575,
    2.386002779006958,
    2.425075054168701,
    2.3861513137817383,
    2.403958320617676,
    2.420501947402954,
    2.3842718601226807,
    2.3214449882507324,
    2.3620057106018066,
    2.439530372619629,
    2.375544786453247,
    2.3698954582214355,
    2.364596366882324
  ],
  "samples": 506000
}