{
  "loss_log": [
    7.127223014831543,
    5.499974727630615,
    4.888609886169434,
    5.058845043182373,
    4.587446212768555,
    4.030803680419922,
    4.041537284851074,
    3.7326107025146484,
    3.769507646560669,
    3.6774473190307617,
    3.8280372619628906,
    4.019203186035156,
    3.2194995880126953,
    3.332427501678467,
    3.4055373668670654,
    3.383007049560547,
    2.967092990875244,
    2.9861807823181152,
    3.1975960731506348,
    3.3211004734039307,
    3.0645744800567627,
    2.9173765182495117,
    3.150318145751953,
    2.9454505443573,
    3.096527576446533,
    2.998776435852051,
    2.9794511795043945,
    2.9358420372009277,
    2.933229446411133,
    2.9333252906799316,
    2.9935688972473145,
    2.876826047897339,
    3.027259588241577,
    2.720294237136841,
    2.8697164058685303,
    2.7134287357330322,
    2.909152030944824,
    2.6311233043670654,
    2.9109232425689697,
    2.5250356197357178,
    2.6998236179351807,
    2.781930923461914,
    2.6397714614868164,
    2.603461265563965,
    2.685220956802368,
    2.8154497146606445,
    2.740478515625,
    2.7105557918548584,
    2.6853575706481934,
    2.5999155044555664,
    2.6402437686920166,
    2.635850429534912,
    2.57173752784729,
    2.483720541000366,
    2.4139552116394043,
    2.519453763961792,
    2.5521955490112305,
    2.447558879852295,
    2.517343044281006,
    2.4015698432922363,
    2.356166124343872,
    2.407041549682617,
    2.371384382247925,
    2.454399824142456,
    2.4367408752441406,
    2.4180428981781006,
    2.2139201164245605,
    2.2276806831359863,
    2.1708157062530518,
    2.1690757274627686,
    2.253775119781494,
    2.150198459625244,
    2.0759918689727783,
    2.1727681159973145,
    2.1751174926757812,
    2.1319916248321533,
    2.0037736892700195,
    2.0585780143737793,
    1.9749557971954346
  ],
  "samples": 331000
}