{
  "loss_log": [
    3.1719632148742676,
    3.24991512298584,
    3.0745835304260254,
    3.031973123550415,
    3.2343716621398926,
    3.1709132194519043,
    3.0449252128601074,
    3.0699501037597656,
    3.1667120456695557,
    3.064283847808838,
    3.387787342071533,
    3.306858539581299,
    3.1986637115478516,
    3.005997896194458,
    3.1636698246002197,
    3.123763084411621,
    2.9856653213500977,
    3.141932725906372,
    3.4243698120117188,
    3.1961865425109863,
    3.1214098930358887,
    3.2690682411193848,
    3.149913787841797,
    3.4016098976135254,
    3.4077978134155273,
    3.3953444957733154,
    2.812779426574707,
    3.0621492862701416,
    3.1999340057373047,
    3.0092031955718994,
    3.1658661365509033,
    2.910369873046875,
    3.0660510063171387,
    2.8986172676086426,
    3.015467643737793,
    3.192154884338379,
    3.314781665802002,
    3.3145179748535156,
    3.1161742210388184,
    3.155210018157959,
    3.166300058364868,
    3.1707401275634766,
    3.1471667289733887,
    3.443108558654785,
    3.1693549156188965,
    3.09928560256958,
    3.007448196411133,
    3.133430004119873,
    2.974956512451172,
    3.12433123588562,
    3.164254665374756,
    2.982779026031494,
    3.0038318634033203,
    3.12823748588562,
    3.221825122833252,
    3.0866901874542236,
    3.1248743534088135,
    3.403681755065918,
    3.2690820693969727,
    3.309720754623413,
    3.2417876720428467,
    3.192601203918457,
    3.181691884994507,
    3.2191920280456543,
    3.1277575492858887,
    3.1364712715148926,
    3.1367483139038086,
    3.288994789123535,
    3.2719712257385254,
    3.0907275676727295,
    3.1500940322875977,
    3.1178455352783203,
    2.8655519485473633,
    2.9966421127319336,
    3.1435437202453613,
    3.126767158508301,
    3.0761570930480957,
    3.163970947265625,
    3.676226854324341
  ],
  "samples": 131000
}