{
  "loss_log": [
    2.9788060188293457,
    2.9551496505737305,
    2.771679639816284,
    2.77815842628479,
    2.636460542678833,
    2.665037155151367,
    2.623326301574707,
    2.806914806365967,
    2.405010223388672,
    2.95928692817688,
    3.2339484691619873,
    3.1791651248931885,
    3.3546295166015625,
    3.026319742202759,
    2.815516471862793,
    2.925691604614258,
    3.0220019817352295,
    2.6167829036712646,
    2.829214572906494,
    3.044353485107422,
    2.816457748413086,
    3.0286896228790283,
    2.6815338134765625,
    3.046201467514038,
    3.1652047634124756,
    2.6986522674560547,
    2.8471877574920654,
    2.789182662963867,
    2.9182798862457275,
    2.869863986968994,
    2.975851058959961,
    2.835512161254883,
    3.297718048095703,
    2.834743022918701,
    3.007948398590088,
    3.068390369415283,
    2.7755141258239746,
    2.8601841926574707,
    2.768174648284912,
    2.9364726543426514,
    2.973254919052124,
    3.161648750305176,
    2.9887163639068604,
    2.884476661682129,
    2.900078296661377,
    2.5947999954223633,
    2.5921709537506104,
    3.0024573802948,
    3.016521453857422,
    2.795130968093872,
    3.3185086250305176,
    2.9419169425964355,
    2.969695568084717,
    3.1298165321350098,
    2.917076826095581,
    2.784420967102051,
    2.994370937347412,
    2.9683589935302734,
    2.6358165740966797,
    2.921827554702759,
    2.947288751602173,
    2.6153762340545654,
    2.816110134124756,
    2.795036554336548,
    3.3344826698303223,
    3.06894850730896,
    2.859055757522583,
    2.869668483734131,
    2.7769079208374023,
    2.7333199977874756,
    2.6445083618164062,
    2.3692736625671387,
    2.9671711921691895,
    3.059795379638672,
    2.784024715423584,
    2.836087226867676,
    2.9572343826293945,
    2.87147855758667,
    3.222043037414551
  ],
  "samples": 96000
}