{
  "loss_log": [
    5.547366142272949,
    5.086546897888184,
    4.931784629821777,
    4.796879768371582,
    3.8540453910827637,
    3.956993818283081,
    3.8134069442749023,
    3.5507264137268066,
    3.3742215633392334,
    3.7207186222076416,
    3.312401533126831,
    3.6556100845336914,
    3.3959593772888184,
    3.34981632232666,
    3.372676372528076,
    3.1818675994873047,
    3.292912006378174,
    3.442908763885498,
    3.2476513385772705,
    3.0520381927490234,
    3.0179553031921387,
    2.8956401348114014,
    2.7972302436828613,
    2.846404790878296,
    2.546410083770752,
    2.738110065460205,
    2.5646328926086426,
    2.7212133407592773,
    2.82997465133667,
    2.4166293144226074,
    2.808440685272217,
    2.6945509910583496,
    2.831756353378296,
    2.5868892669677734,
    2.4135632514953613,
    2.5294220447540283,
    2.651113986968994,
    2.366039514541626,
    2.4653496742248535,
    2.5013155937194824,
    2.484689235687256,
    2.417196750640869,
    2.398796796798706,
    2.3585214614868164,
    2.5842905044555664,
    2.4574971199035645,
    2.243192195892334,
    2.536756992340088,
    2.3636512756347656,
    2.432480812072754,
    2.2374930381774902,
    2.309119701385498,
    2.2370128631591797,
    2.334914207458496,
    2.1982169151306152,
    2.4699766635894775,
    2.1391892433166504,
    2.3370323181152344,
    2.159064769744873,
    2.186936378479004,
    2.179166793823242,
    2.130629539489746,
    2.211390733718872,
    2.3930037021636963,
    2.168217658996582,
    2.3759310245513916,
    2.2464547157287598,
    2.137561321258545,
    2.1860511302948,
    2.0672082901000977,
    2.1337509155273438,
    2.029076099395752,
    2.074669361114502,
    2.0840964317321777,
    2.1919565200805664,
    2.1557395458221436,
    2.0087568759918213,
    2.117983102798462,
    1.8746118545532227
  ],
  "samples": 396000
}