{
  "loss_log": [
    2.8476853370666504,
    3.06881046295166,
    2.986100435256958,
    3.0242204666137695,
    2.8774454593658447,
    2.866726875305176,
    3.004786252975464,
    2.7348804473876953,
    3.283284902572632,
    2.993701457977295,
    3.032630205154419,
    2.9755332469940186,
    3.039846181869507,
    3.000126361846924,
    3.0864756107330322,
    3.1834349632263184,
    2.9517061710357666,
    3.1599221229553223,
    3.0481820106506348,
    3.005336046218872,
    2.8935158252716064,
    2.772812843322754,
    2.9809486865997314,
    3.0953574180603027,
    2.7946581840515137,
    2.8091788291931152,
    2.741888999938965,
    3.1071882247924805,
    2.794489860534668,
    2.8194665908813477,
    2.616832733154297,
    3.0034070014953613,
    3.3361763954162598,
    2.926344871520996,
    3.1536195278167725,
    2.6679320335388184,
    2.859863758087158,
    2.6822266578674316,
    2.812155246734619,
    3.0780882835388184,
    2.9675216674804688,
    2.9438109397888184,
    3.0206055641174316,
    3.094797134399414,
    2.7846999168395996,
    2.9156289100646973,
    2.8591980934143066,
    2.8575472831726074,
    2.911618232727051,
    2.8963565826416016,
    3.0802464485168457,
    2.9704647064208984,
    3.114440679550171,
    3.047088146209717,
    2.815749168395996,
    3.166276454925537,
    3.0467209815979004,
    2.960660219192505,
    2.93886137008667,
    2.771958827972412,
    3.061328411102295,
    2.9580464363098145,
    2.925100326538086,
    2.901928186416626,
    2.8423995971679688,
    2.989149570465088,
    3.0028185844421387,
    3.1310958862304688,
    3.242002010345459,
    2.7914133071899414,
    3.0528745651245117,
    2.9898641109466553,
    2.921752452850342,
    2.7552061080932617,
    3.0623531341552734,
    2.880767822265625,
    2.9179537296295166,
    2.8795127868652344,
    2.583958148956299
  ],
  "samples": 146000
}