{
  "loss_log": [
    2.678133010864258,
    2.854790210723877,
    2.947502613067627,
    3.0110092163085938,
    2.920724391937256,
    2.7969541549682617,
    2.9944870471954346,
    2.9971742630004883,
    3.21504545211792,
    2.973426342010498,
    3.0840373039245605,
    2.9116220474243164,
    2.732916831970215,
    3.1083648204803467,
    2.911856174468994,
    2.845402717590332,
    3.007300853729248,
    2.893789291381836,
    2.8485476970672607,
    2.934171199798584,
    2.81984806060791,
    3.002591848373413,
    2.873619556427002,
    2.870114326477051,
    2.936330795288086,
    3.0734236240386963,
    2.7945656776428223,
    3.1404361724853516,
    3.1184191703796387,
    2.9048590660095215,
    2.764464855194092,
    2.9522180557250977,
    3.217447280883789,
    3.1664950847625732,
    3.096433401107788,
    2.9314470291137695,
    2.8023908138275146,
    2.7827281951904297,
    3.136427879333496,
    2.9631171226501465,
    3.0274386405944824,
    3.0047852993011475,
    2.8010668754577637,
    2.75504207611084,
    2.764862060546875,
    3.034644603729248,
    3.066946029663086,
    2.795365333557129,
    2.738600730895996,
    3.011532783508301,
    2.7602109909057617,
    2.912480592727661,
    3.146533489227295,
    2.8614792823791504,
    2.8987679481506348,
    2.9068570137023926,
    3.0980381965637207,
    2.9930167198181152,
    3.1616287231445312,
    2.905059814453125,
    2.9756033420562744,
    2.824110984802246,
    3.051011323928833,
    2.7972164154052734,
    2.9613189697265625,
    2.9653282165527344,
    3.2078304290771484,
    2.796264171600342,
    2.8996894359588623,
    3.137946128845215,
    2.824100971221924,
    3.0861377716064453,
    2.8636083602905273,
    3.133726119995117,
    2.747450828552246,
    2.8194262981414795,
    3.074169158935547,
    3.0116994380950928,
    2.636427402496338
  ],
  "samples": 166000
}