{
  "loss_log": [
    3.7497875690460205,
    3.8365707397460938,
    3.3873441219329834,
    3.1771488189697266,
    3.213797092437744,
    2.906665802001953,
    2.976310968399048,
    2.8149333000183105,
    2.895320415496826,
    2.845745086669922,
    2.905047655105591,
    2.8046765327453613,
    2.901867389678955,
    2.641115665435791,
    2.7391107082366943,
    2.718845844268799,
    2.6633739471435547,
    2.7105231285095215,
    2.602290153503418,
    2.6672377586364746,
    2.612628221511841,
    2.5392096042633057,
    2.5580813884735107,
    2.5125956535339355,
    2.479804039001465,
    2.609555721282959,
    2.445812702178955,
    2.44195556640625,
    2.4340548515319824,
    2.4514336585998535,
    2.4140803813934326,
    2.420823574066162,
    2.360516309738159,
    2.3774032592773438,
    2.44389009475708,
    2.423388719558716,
    2.3932552337646484,
    2.3778738975524902,
    2.329728126525879,
    2.3595876693725586,
    2.3163843154907227,
    2.3848047256469727,
    2.4039435386657715,
    2.3496856689453125,
    2.3151473999023438,
    2.3138084411621094,
    2.3063080310821533,
    2.3647518157958984,
    2.3444058895111084,
    2.3632850646972656,
    2.3311805725097656,
    2.2866902351379395,
    2.35768461227417,
    2.30502986907959,
    2.3354220390319824,
    2.324345350265503,
    2.299553394317627,
    2.3499693870544434,
    2.3419687747955322,
    2.3102219104766846,
    2.3362488746643066,
    2.2787041664123535,
    2.313218593597412,
    2.3560774326324463,
    2.302309989929199,
    2.2428600788116455,
    2.3724725246429443,
    2.3009791374206543,
    2.274203300476074,
    2.267568588256836,
    2.282853841781616,
    2.295593023300171,
    2.3063251972198486,
    2.2908313274383545,
    2.3081624507904053,
    2.2868382930755615,
    2.2603259086608887,
    2.3184025287628174,
    2.417731761932373
  ],
  "samples": 471000
}