{
  "loss_log": [
    4.976137161254883,
    4.533703804016113,
    3.9798386096954346,
    4.45174503326416,
    4.224741458892822,
    3.7748146057128906,
    3.5057947635650635,
    3.417605400085449,
    3.1814403533935547,
    3.355421781539917,
    3.3018798828125,
    2.9870917797088623,
    2.647657871246338,
    2.6423356533050537,
    2.5550472736358643,
    2.4021644592285156,
    2.621375560760498,
    2.4889402389526367,
    2.3862955570220947,
    2.240354537963867,
    2.2967848777770996,
    2.1853628158569336,
    2.235976457595825,
    2.0410780906677246,
    2.1752238273620605,
    2.0522661209106445,
    1.9981557130813599,
    1.971313238143921,
    2.0688793659210205,
    1.9543182849884033,
    2.0959525108337402,
    1.9854604005813599,
    1.9173693656921387,
    1.8890748023986816,
    1.8879401683807373,
    1.8925540447235107,
    1.80961275100708,
    1.8974804878234863,
    1.8158478736877441,
    1.9007502794265747,
    1.8785533905029297,
    1.913160800933838,
    1.795966386795044,
    1.8006725311279297,
    1.8566993474960327,
    1.7303221225738525,
    1.8931481838226318,
    1.74253249168396,
    1.8331778049468994,
    1.8581159114837646,
    1.7873376607894897,
    1.7642855644226074,
    1.7080475091934204,
    1.780402421951294,
    1.715161919593811,
    1.7006770372390747,
    1.7944426536560059,
    1.7400031089782715,
    1.6997045278549194,
    1.7861225605010986,
    1.6978981494903564,
    1.8576076030731201,
    1.7261040210723877,
    1.71474027633667,
    1.793192744255066,
    1.762858271598816,
    1.8035259246826172,
    1.7344074249267578,
    1.7820630073547363,
    1.6833555698394775,
    1.6539679765701294,
    1.783718466758728,
    1.7244431972503662,
    1.7403919696807861,
    1.6950898170471191,
    1.6878511905670166,
    1.6936627626419067,
    1.6632088422775269,
    1.7815698385238647
  ],
  "samples": 411000
}