{
  "loss_log": [
    3.428600788116455,
    3.5098049640655518,
    3.593559741973877,
    3.457064628601074,
    3.531981945037842,
    3.3414106369018555,
    3.3531336784362793,
    3.2698490619659424,
    3.5536928176879883,
    3.4043307304382324,
    3.869161605834961,
    3.281400680541992,
    3.3929762840270996,
    3.5613179206848145,
    3.5088930130004883,
    3.3777201175689697,
    3.3229053020477295,
    3.3744258880615234,
    3.6525721549987793,
    3.424861431121826,
    3.410414695739746,
    3.5617051124572754,
    3.343010187149048,
    3.553882122039795,
    3.2369303703308105,
    3.511899471282959,
    3.060288667678833,
    3.341435670852661,
    3.6666007041931152,
    3.695101737976074,
    3.41923451423645,
    3.315058946609497,
    3.4921352863311768,
    3.3910131454467773,
    3.5074682235717773,
    3.280026435852051,
    3.3337361812591553,
    3.3052003383636475,
    3.270078182220459,
    3.430962085723877,
    3.2738289833068848,
    3.5789051055908203,
    3.399059295654297,
    3.133885383605957,
    3.3788506984710693,
    3.4173173904418945,
    3.2140369415283203,
    3.39060115814209,
    3.473935604095459,
    3.4409842491149902,
    3.5186843872070312,
    3.5284886360168457,
    3.5971574783325195,
    3.400754690170288,
    3.327549457550049,
    3.6013526916503906,
    3.4938926696777344,
    3.398388385772705,
    3.1526856422424316,
    3.348794460296631,
    3.498060464859009,
    3.3691859245300293,
    3.306910991668701,
    3.4370994567871094,
    3.2665092945098877,
    3.4716949462890625,
    3.60860538482666,
    3.5876591205596924,
    3.485740900039673,
    3.5003135204315186,
    3.4591166973114014,
    3.5751779079437256,
    3.551278591156006,
    3.254762649536133,
    3.300032615661621,
    3.2583494186401367,
    3.407421350479126,
    3.269217014312744,
    3.048510789871216
  ],
  "samples": 31000
}