{
  "loss_log": [
    3.2942051887512207,
    3.3761863708496094,
    3.3483052253723145,
    3.0901403427124023,
    3.351104259490967,
    3.407778739929199,
    3.0195770263671875,
    3.4539871215820312,
    3.282073497772217,
    3.1633286476135254,
    2.88619327545166,
    3.200950860977173,
    3.0930330753326416,
    3.1487462520599365,
    3.1127474308013916,
    3.182082414627075,
    3.4668333530426025,
    3.141833782196045,
    3.225205183029175,
    3.188166379928589,
    3.102400541305542,
    3.29984188079834,
    3.05253529548645,
    3.1806540489196777,
    3.4112210273742676,
    3.2541139125823975,
    3.2111611366271973,
    3.2585811614990234,
    3.221097946166992,
    2.925067663192749,
    3.3276665210723877,
    3.20351505279541,
    3.1610422134399414,
    3.3832857608795166,
    3.143744707107544,
    3.1998558044433594,
    3.2250266075134277,
    3.038072109222412,
    3.4862561225891113,
    3.3298192024230957,
    2.9597134590148926,
    3.0602574348449707,
    3.008291006088257,
    3.1907362937927246,
    3.1179463863372803,
    2.891206741333008,
    3.323611259460449,
    3.518660306930542,
    3.35465669631958,
    3.446880578994751,
    3.1119260787963867,
    2.850956439971924,
    3.336733818054199,
    3.26029109954834,
    3.0619068145751953,
    3.4381868839263916,
    3.541663646697998,
    3.298553466796875,
    3.397390604019165,
    3.1648454666137695,
    3.27213716506958,
    3.0457310676574707,
    3.3924601078033447,
    3.550278425216675,
    3.4600234031677246,
    3.1578762531280518,
    3.2314324378967285,
    3.1401233673095703,
    2.9953486919403076,
    3.3676486015319824,
    3.3640506267547607,
    3.0799736976623535,
    3.0938358306884766,
    3.137775421142578,
    3.0283830165863037,
    3.1827402114868164,
    3.3603053092956543,
    3.2549567222595215,
    2.947385787963867
  ],
  "samples": 41000
}