{
  "loss_log": [
    2.9501233100891113,
    3.183440685272217,
    3.3991878032684326,
    3.3063063621520996,
    3.183809757232666,
    2.9270894527435303,
    3.1917777061462402,
    2.938253164291382,
    3.2666561603546143,
    3.148177146911621,
    3.147305965423584,
    3.0154166221618652,
    3.1329305171966553,
    3.1953787803649902,
    3.1852993965148926,
    3.1963114738464355,
    3.22817063331604,
    2.880326271057129,
    3.2750766277313232,
    3.260524034500122,
    3.104477643966675,
    3.1410717964172363,
    3.124847888946533,
    2.894270420074463,
    3.3004722595214844,
    3.0600080490112305,
    3.5095789432525635,
    3.068418502807617,
    2.8979897499084473,
    3.0721848011016846,
    3.066538095474243,
    3.1619462966918945,
    3.121396064758301,
    3.1125051975250244,
    2.8937251567840576,
    2.9809658527374268,
    3.1852009296417236,
    3.2579996585845947,
    3.1467933654785156,
    3.2458200454711914,
    3.1067309379577637,
    3.2795004844665527,
    3.03848934173584,
    3.0596396923065186,
    3.034487247467041,
    3.1135647296905518,
    3.060053825378418,
    3.0714690685272217,
    2.9799070358276367,
    2.977830410003662,
    2.966104745864868,
    3.1314568519592285,
    3.0224575996398926,
    3.2914795875549316,
    3.191678524017334,
    3.4060187339782715,
    3.1469223499298096,
    3.2076869010925293,
    3.135803699493408,
    3.0699853897094727,
    2.982165575027466,
    2.8311197757720947,
    2.9717159271240234,
    3.0722970962524414,
    2.8979759216308594,
    3.070864677429199,
    3.114307403564453,
    3.0927364826202393,
    2.982269763946533,
    3.088109016418457,
    3.2544093132019043,
    2.9174187183380127,
    3.085742473602295,
    3.185980796813965,
    3.225780487060547,
    2.770186424255371,
    2.6636648178100586,
    2.9968576431274414,
    2.926257371902466
  ],
  "samples": 136000
}