{
  "loss_log": [
    3.9815573692321777,
    3.8195130825042725,
    3.6245293617248535,
    3.5748517513275146,
    3.792617082595825,
    3.5442214012145996,
    3.2254934310913086,
    3.235198736190796,
    3.11299991607666,
    3.362455368041992,
    2.747379779815674,
    2.7195279598236084,
    2.818014621734619,
    2.599404811859131,
    2.3369650840759277,
    2.5705113410949707,
    2.607647657394409,
    2.463853120803833,
    2.2478649616241455,
    2.4118123054504395,
    2.284214973449707,
    2.2787699699401855,
    2.147062301635742,
    2.220890760421753,
    2.268570899963379,
    2.1534180641174316,
    2.117825984954834,
    2.0577235221862793,
    2.080080986022949,
    2.025303363800049,
    2.099160671234131,
    2.110506057739258,
    2.0817694664001465,
    2.119365692138672,
    2.0527117252349854,
    1.9867980480194092,
    1.939955711364746,
    2.0008811950683594,
    1.9294779300689697,
    1.932138204574585,
    1.9374499320983887,
    1.9164236783981323,
    1.919230341911316,
    1.978846549987793,
    1.9355883598327637,
    1.8195276260375977,
    1.903071403503418,
    1.8729822635650635,
    1.8478727340698242,
    1.8503894805908203,
    1.9015319347381592,
    1.8568849563598633,
    1.7864584922790527,
    1.9500527381896973,
    1.7761414051055908,
    1.8060266971588135,
    1.816688060760498,
    1.7724883556365967,
    1.7787678241729736,
    1.9024631977081299,
    1.7460359334945679,
    1.8610289096832275,
    1.7414151430130005,
    1.7816228866577148,
    1.82582426071167,
    1.718989610671997,
    1.7601810693740845,
    1.7895917892456055,
    1.6827056407928467,
    1.7400141954421997,
    1.7731804847717285,
    1.7427774667739868,
    1.7020097970962524,
    1.6971156597137451,
    1.7025814056396484,
    1.6936877965927124,
    1.7092962265014648,
    1.7567657232284546,
    1.5990560054779053
  ],
  "samples": 341000
}