{
  "loss_log": [
    5.414183616638184,
    5.799989223480225,
    4.581370830535889,
    3.948462963104248,
    3.593555450439453,
    3.9118940830230713,
    3.7374351024627686,
    3.140260934829712,
    3.198695182800293,
    3.1323487758636475,
    3.422779083251953,
    2.916806221008301,
    2.855314016342163,
    3.1852550506591797,
    2.8748013973236084,
    3.3026490211486816,
    3.0478687286376953,
    2.8731513023376465,
    2.652731418609619,
    2.760615110397339,
    2.727372884750366,
    2.8390421867370605,
    2.612238883972168,
    2.6551926136016846,
    2.5712814331054688,
    2.5705208778381348,
    2.7677340507507324,
    2.8155517578125,
    2.6471869945526123,
    2.479125738143921,
    2.5721776485443115,
    2.6636688709259033,
    2.350142478942871,
    2.4938838481903076,
    2.4596614837646484,
    2.6321377754211426,
    2.5217673778533936,
    2.3798110485076904,
    2.4445717334747314,
    2.3323774337768555,
    2.498831272125244,
    2.29042387008667,
    2.4497647285461426,
    2.3686299324035645,
    2.2979516983032227,
    2.405367851257324,
    2.3360366821289062,
    2.2260823249816895,
    2.173032760620117,
    2.2510149478912354,
    2.237255096435547,
    2.19472599029541,
    2.1844961643218994,
    2.154486894607544,
    2.0917294025421143,
    2.2399744987487793,
    1.984757423400879,
    2.0855774879455566,
    2.031798839569092,
    2.030149459838867,
    1.9657440185546875,
    1.9904234409332275,
    2.0696213245391846,
    1.9537415504455566,
    1.9654648303985596,
    1.918571949005127,
    1.965255618095398,
    1.8798339366912842,
    1.8379113674163818,
    1.836724042892456,
    1.9557313919067383,
    1.9189610481262207,
    1.86907160282135,
    1.8522827625274658,
    1.8665978908538818,
    1.8855177164077759,
    1.9124879837036133,
    1.9085586071014404,
    2.0850439071655273
  ],
  "samples": 446000
}