{
  "loss_log": [
    4.325551986694336,
    5.180542945861816,
    3.8406929969787598,
    3.9248063564300537,
    3.110790491104126,
    3.5435802936553955,
    3.8756933212280273,
    3.3429152965545654,
    3.1200804710388184,
    3.060420036315918,
    2.8916940689086914,
    3.130323648452759,
    3.0190703868865967,
    2.869616985321045,
    2.6647047996520996,
    2.839629650115967,
    2.5201704502105713,
    2.3516879081726074,
    2.47662353515625,
    2.5264928340911865,
    2.378261089324951,
    2.2639319896698,
    2.3756966590881348,
    2.1920952796936035,
    2.0912418365478516,
    2.232455253601074,
    2.2066493034362793,
    2.1093015670776367,
    1.979251742362976,
    2.095123767852783,
    2.001129150390625,
    2.0534725189208984,
    2.004007339477539,
    1.9325027465820312,
    1.9509562253952026,
    1.968702793121338,
    1.888953447341919,
    1.9130841493606567,
    1.8239521980285645,
    1.8836883306503296,
    1.8380122184753418,
    1.8076258897781372,
    1.7946174144744873,
    1.8099281787872314,
    1.8403791189193726,
    1.822587490081787,
    1.9710644483566284,
    1.7611360549926758,
    1.7167046070098877,
    1.761324405670166,
    1.7679541110992432,
    1.853907823562622,
    1.8055040836334229,
    1.737216591835022,
    1.7267215251922607,
    1.7393100261688232,
    1.700344204902649,
    1.7647122144699097,
    1.6899046897888184,
    1.7593257427215576,
    1.6961581707000732,
    1.7532949447631836,
    1.706852912902832,
    1.7432763576507568,
    1.7661951780319214,
    1.7563960552215576,
    1.6633422374725342,
    1.7029244899749756,
    1.7015750408172607,
    1.713740348815918,
    1.7219024896621704,
    1.7455015182495117,
    1.7879550457000732,
    1.6660103797912598,
    1.6645326614379883,
    1.646217703819275,
    1.7345554828643799,
    1.6463651657104492,
    1.6543352603912354
  ],
  "samples": 356000
}