{
  "loss_log": [
    5.868545055389404,
    4.757558822631836,
    3.6016812324523926,
    3.6528470516204834,
    3.658566474914551,
    3.7321174144744873,
    3.531569004058838,
    3.173717975616455,
    3.2454676628112793,
    2.7919921875,
    2.716785192489624,
    3.037269353866577,
    2.9437131881713867,
    2.451913833618164,
    2.514461040496826,
    2.5127437114715576,
    2.3725693225860596,
    2.281583070755005,
    2.4344849586486816,
    2.260326862335205,
    2.311410903930664,
    2.378551483154297,
    2.262362480163574,
    2.184870958328247,
    2.2954885959625244,
    2.3202965259552,
    2.2524290084838867,
    2.192612648010254,
    2.2008845806121826,
    2.176304817199707,
    2.2282440662384033,
    2.184037446975708,
    2.218784809112549,
    2.126826763153076,
    2.095106363296509,
    2.043874979019165,
    2.064332962036133,
    2.1268930435180664,
    2.0024330615997314,
    2.2093169689178467,
    2.0450081825256348,
    1.9803022146224976,
    1.9928935766220093,
    1.970993995666504,
    1.9052507877349854,
    2.004129648208618,
    1.977953314781189,
    1.9712660312652588,
    2.0294995307922363,
    1.9008276462554932,
    1.9548285007476807,
    1.9735122919082642,
    2.0553767681121826,
    1.942836046218872,
    1.9466710090637207,
    2.0220837593078613,
    2.006235361099243,
    2.0902748107910156,
    1.979836106300354,
    1.9347953796386719,
    2.065394639968872,
    1.80709969997406,
    2.0752995014190674,
    1.8567612171173096,
    1.936745285987854,
    1.8837711811065674,
    1.8088574409484863,
    1.9830914735794067,
    1.8211281299591064,
    1.8942556381225586,
    1.9074628353118896,
    1.895384669303894,
    1.9520540237426758,
    1.8654141426086426,
    1.7454097270965576,
    1.704857349395752,
    1.8151347637176514,
    1.7849478721618652,
    1.7454009056091309
  ],
  "samples": 321000
}