{
  "loss_log": [
    2.8534739017486572,
    2.9044337272644043,
    3.1271095275878906,
    2.8811845779418945,
    2.931786298751831,
    3.1837377548217773,
    2.564807891845703,
    2.9490997791290283,
    2.9299187660217285,
    2.8027422428131104,
    2.7772727012634277,
    2.7121706008911133,
    2.9325942993164062,
    2.8932864665985107,
    2.7329225540161133,
    2.6883797645568848,
    2.5834362506866455,
    2.7222046852111816,
    2.9687561988830566,
    2.832509994506836,
    3.1598501205444336,
    2.738611936569214,
    2.8686470985412598,
    2.973404884338379,
    3.0715699195861816,
    2.391695261001587,
    3.1540074348449707,
    2.7144665718078613,
    2.7407021522521973,
    2.644707202911377,
    3.025409460067749,
    3.072539806365967,
    2.93526029586792,
    2.9431071281433105,
    2.7284562587738037,
    3.109311103820801,
    2.6123647689819336,
    3.146423816680908,
    2.9198427200317383,
    2.9636693000793457,
    3.110828399658203,
    2.630528688430786,
    2.839186191558838,
    2.5183897018432617,
    2.7349131107330322,
    3.0251035690307617,
    2.798405885696411,
    2.9290943145751953,
    2.8386707305908203,
    2.9566972255706787,
    2.633687734603882,
    3.323408603668213,
    2.692744255065918,
    3.0285706520080566,
    2.8824803829193115,
    2.771475076675415,
    2.8090832233428955,
    2.908210515975952,
    2.498828172683716,
    3.0955519676208496,
    3.3721024990081787,
    2.743778705596924,
    3.0227291584014893,
    2.7115015983581543,
    2.5815176963806152,
    2.9467358589172363,
    2.7793893814086914,
    2.9340171813964844,
    2.7876076698303223,
    2.939620018005371,
    2.6445794105529785,
    2.5552079677581787,
    2.8159706592559814,
    2.905768632888794,
    2.747781753540039,
    2.5967531204223633,
    2.6514759063720703,
    3.03659987449646,
    3.3170623779296875
  ],
  "samples": 111000
}