{
  "loss_log": [
    3.102834701538086,
    3.2671284675598145,
    2.986534357070923,
    2.8518831729888916,
    2.77785325050354,
    2.9347739219665527,
    3.0980658531188965,
    2.9772047996520996,
    3.0140860080718994,
    3.005160093307495,
    2.877347469329834,
    3.2007346153259277,
    2.952810287475586,
    2.7744531631469727,
    2.8005387783050537,
    2.9955077171325684,
    2.995612144470215,
    2.905388832092285,
    3.12270450592041,
    3.171349048614502,
    3.1819543838500977,
    3.0016489028930664,
    3.1970269680023193,
    3.1150903701782227,
    3.1220765113830566,
    2.8924007415771484,
    2.888241767883301,
    2.79579496383667,
    2.786066770553589,
    2.6619021892547607,
    2.988065481185913,
    2.834470272064209,
    3.0081071853637695,
    2.897223472595215,
    3.0636608600616455,
    2.8319339752197266,
    3.1648237705230713,
    2.932868003845215,
    2.940335512161255,
    2.6920130252838135,
    3.1265103816986084,
    2.6068379878997803,
    2.8449783325195312,
    2.8274853229522705,
    2.871290445327759,
    2.9127368927001953,
    2.786365032196045,
    2.9011905193328857,
    2.889092445373535,
    2.8474793434143066,
    2.726245164871216,
    3.1680924892425537,
    2.670668363571167,
    3.077908515930176,
    3.0780272483825684,
    2.860605239868164,
    3.2101540565490723,
    2.9500069618225098,
    2.9566659927368164,
    2.715055227279663,
    3.1026864051818848,
    2.9903552532196045,
    3.1691770553588867,
    3.07420015335083,
    3.1546578407287598,
    2.7739431858062744,
    3.051347494125366,
    2.7191195487976074,
    2.776395559310913,
    2.8278682231903076,
    2.9611988067626953,
    3.0678699016571045,
    2.675400972366333,
    3.0396111011505127,
    2.910672664642334,
    2.8160688877105713,
    2.9678144454956055,
    3.0804896354675293,
    2.798757553100586
  ],
  "samples": 181000
}