{
  "loss_log": [
    4.657052516937256,
    4.206028461456299,
    3.755817413330078,
    3.644516944885254,
    3.6587796211242676,
    3.374943733215332,
    3.3852696418762207,
    3.248258590698242,
    3.2908201217651367,
    3.071500062942505,
    2.8081932067871094,
    2.9279818534851074,
    2.604146957397461,
    2.6752896308898926,
    2.81019926071167,
    2.589991569519043,
    2.592555284500122,
    2.628129005432129,
    2.388023853302002,
    2.6755175590515137,
    2.4999499320983887,
    2.450498342514038,
    2.5326504707336426,
    2.1665048599243164,
    2.3734865188598633,
    2.2507286071777344,
    2.29142689704895,
    2.1952202320098877,
    2.1003189086914062,
    2.1173288822174072,
    2.0527327060699463,
    2.056906223297119,
    2.0200910568237305,
    1.9468650817871094,
    2.0159857273101807,
    1.9637171030044556,
    2.0251193046569824,
    2.0065670013427734,
    2.0430777072906494,
    1.973339319229126,
    1.9665499925613403,
    2.0561788082122803,
    2.025210380554199,
    1.8787918090820312,
    2.0581226348876953,
    2.017469644546509,
    1.8592338562011719,
    2.115241527557373,
    2.003511905670166,
    1.9438397884368896,
    2.019510269165039,
    1.9515643119812012,
    1.9073659181594849,
    1.8810268640518188,
    1.8147966861724854,
    1.8650590181350708,
    1.8371803760528564,
    1.8476083278656006,
    1.7716583013534546,
    1.8580485582351685,
    1.876108169555664,
    1.8907305002212524,
    1.9106308221817017,
    1.7364528179168701,
    1.7179630994796753,
    1.7260111570358276,
    1.8166942596435547,
    1.7738430500030518,
    1.7462241649627686,
    1.8269147872924805,
    1.7611807584762573,
    1.7656387090682983,
    1.7164700031280518,
    1.8073054552078247,
    1.8085824251174927,
    1.7643177509307861,
    1.7677106857299805,
    1.7198702096939087,
    2.0602307319641113
  ],
  "samples": 371000
}