{
  "loss_log": [
    3.338366985321045,
    3.3541946411132812,
    2.823647975921631,
    3.3001716136932373,
    3.2612195014953613,
    3.2175960540771484,
    2.887305736541748,
    3.2512240409851074,
    2.7197811603546143,
    2.867323160171509,
    3.234401226043701,
    3.2889435291290283,
    3.335817337036133,
    2.9837660789489746,
    3.305285692214966,
    2.977492570877075,
    3.155971050262451,
    3.1306028366088867,
    3.2401609420776367,
    3.3858625888824463,
    3.116450786590576,
    3.0471880435943604,
    2.981137275695801,
    3.057699680328369,
    3.026193141937256,
    3.2602317333221436,
    3.020087718963623,
    3.2294585704803467,
    3.637023448944092,
    2.942516803741455,
    3.1714651584625244,
    2.921731472015381,
    3.2864904403686523,
    3.213794231414795,
    2.868415355682373,
    2.9399476051330566,
    2.9161086082458496,
    2.993335008621216,
    3.1413466930389404,
    3.332737445831299,
    3.221879482269287,
    2.943618059158325,
    2.763906717300415,
    3.150223731994629,
    3.274855852127075,
    3.1719017028808594,
    3.0383644104003906,
    3.004873752593994,
    2.9716076850891113,
    3.0260963439941406,
    2.8613035678863525,
    3.4328980445861816,
    2.9795751571655273,
    3.0651021003723145,
    2.8883869647979736,
    3.176426887512207,
    3.1218326091766357,
    2.8601202964782715,
    3.143226146697998,
    3.0792722702026367,
    2.9633588790893555,
    2.9588024616241455,
    2.9825806617736816,
    3.052403211593628,
    2.896153688430786,
    3.2995364665985107,
    3.1979172229766846,
    2.9621353149414062,
    2.927072048187256,
    3.082918882369995,
    3.0490260124206543,
    2.9502012729644775,
    3.0300540924072266,
    3.256697654724121,
    3.1867966651916504,
    3.0099592208862305,
    3.189633369445801,
    2.900564193725586,
    2.7115414142608643
  ],
  "samples": 61000
}