{
  "loss_log": [
    2.556093215942383,
    2.8884177207946777,
    2.84757137298584,
    2.807894706726074,
    2.9467318058013916,
    2.9800000190734863,
    2.909780263900757,
    2.8963382244110107,
    3.029995918273926,
    3.0647106170654297,
    2.946070432662964,
    2.7772622108459473,
    3.096585750579834,
    2.533989429473877,
    2.901494026184082,
    2.6563265323638916,
    2.9616637229919434,
    2.902526378631592,
    2.8794074058532715,
    2.4214773178100586,
    3.203871011734009,
    2.9040400981903076,
    3.217343330383301,
    2.870124340057373,
    2.52022123336792,
    2.86704683303833,
    2.9534943103790283,
    2.823343276977539,
    2.8599441051483154,
    2.6739442348480225,
    3.2794411182403564,
    2.5143380165100098,
    2.7120659351348877,
    2.6045193672180176,
    2.728900909423828,
    2.8520753383636475,
    3.26131010055542,
    2.8807666301727295,
    2.8029370307922363,
    2.7456302642822266,
    2.679826259613037,
    2.9016900062561035,
    3.086616039276123,
    2.920487403869629,
    2.7808892726898193,
    2.870461940765381,
    2.6840429306030273,
    3.0207772254943848,
    2.5260818004608154,
    2.5844173431396484,
    2.821481704711914,
    2.8968420028686523,
    2.736309289932251,
    3.177947759628296,
    2.5618529319763184,
    2.7446577548980713,
    2.803534984588623,
    2.9274420738220215,
    3.1237540245056152,
    3.0573606491088867,
    2.8469629287719727,
    2.900695323944092,
    2.7505366802215576,
    2.9192919731140137,
    2.672337055206299,
    3.29288911819458,
    3.1365089416503906,
    3.0985071659088135,
    3.3984134197235107,
    3.026395082473755,
    2.7146620750427246,
    2.6375231742858887,
    2.7982988357543945,
    2.8505215644836426,
    2.6735877990722656,
    2.607375144958496,
    2.8137214183807373,
    3.032501220703125,
    3.306593418121338
  ],
  "samples": 116000
}