{
  "loss_log": [
    2.9065628051757812,
    3.046379566192627,
    2.8497304916381836,
    2.9430041313171387,
    2.889758586883545,
    3.2202439308166504,
    3.14121675491333,
    3.1726150512695312,
    2.729592800140381,
    2.8831000328063965,
    3.0573525428771973,
    3.245936393737793,
    3.0168967247009277,
    2.8593766689300537,
    3.063650369644165,
    3.1199841499328613,
    3.1185762882232666,
    2.897505760192871,
    2.4267594814300537,
    3.1087934970855713,
    3.0443918704986572,
    2.862487554550171,
    3.1680688858032227,
    2.990604877471924,
    2.8454227447509766,
    2.852842330932617,
    2.9181699752807617,
    3.076728582382202,
    3.039498805999756,
    3.1322450637817383,
    2.9980366230010986,
    2.7277164459228516,
    2.975123882293701,
    3.054309606552124,
    2.9427003860473633,
    3.1492419242858887,
    2.6793441772460938,
    2.7585744857788086,
    2.9560015201568604,
    3.0269126892089844,
    2.829568386077881,
    2.990274429321289,
    2.9832849502563477,
    3.0439844131469727,
    2.666731357574463,
    2.953822612762451,
    3.172133445739746,
    3.168574333190918,
    2.745246410369873,
    2.8719024658203125,
    3.133711814880371,
    3.1794357299804688,
    2.856843948364258,
    3.1168618202209473,
    2.633164405822754,
    2.8176259994506836,
    3.1387650966644287,
    2.8029370307922363,
    2.9994101524353027,
    2.820815086364746,
    3.0657665729522705,
    2.598123550415039,
    2.9276955127716064,
    3.016364574432373,
    3.2093329429626465,
    3.007256031036377,
    2.7314820289611816,
    3.085750102996826,
    3.1406266689300537,
    2.6130943298339844,
    2.90712833404541,
    3.018683433532715,
    3.062925338745117,
    2.911303758621216,
    2.996978759765625,
    2.9034628868103027,
    2.924699544906616,
    3.0759334564208984,
    2.3819823265075684
  ],
  "samples": 81000
}