{
  "loss_log": [
    3.8537776470184326,
    3.4670801162719727,
    3.5239710807800293,
    3.996856212615967,
    3.2476229667663574,
    3.8000776767730713,
    3.5054850578308105,
    2.8050386905670166,
    2.640994071960449,
    2.7320404052734375,
    2.525139093399048,
    2.3704304695129395,
    3.3128366470336914,
    2.4791905879974365,
    2.3351259231567383,
    2.2716760635375977,
    2.3821940422058105,
    2.3706421852111816,
    2.4005837440490723,
    2.360868453979492,
    2.3656609058380127,
    2.219318151473999,
    2.3368825912475586,
    2.3183603286743164,
    2.2321763038635254,
    2.3227288722991943,
    2.214449405670166,
    2.19148325920105,
    2.1408138275146484,
    2.099168062210083,
    2.1827335357666016,
    2.1338202953338623,
    1.9628829956054688,
    2.0558688640594482,
    2.15407657623291,
    1.9943255186080933,
    1.970548152923584,
    1.992600917816162,
    2.061100482940674,
    2.0101876258850098,
    1.9851059913635254,
    1.9511507749557495,
    1.9149600267410278,
    2.0084829330444336,
    1.8880510330200195,
    2.020904064178467,
    1.9342350959777832,
    1.818908452987671,
    1.9214221239089966,
    1.8726799488067627,
    1.8502215147018433,
    1.866827130317688,
    1.8634064197540283,
    1.863976001739502,
    1.8229150772094727,
    1.9164507389068604,
    1.933448076248169,
    1.7877435684204102,
    1.7821539640426636,
    1.8392329216003418,
    1.7987325191497803,
    1.8373968601226807,
    1.7808306217193604,
    1.752949595451355,
    1.8934599161148071,
    1.7478210926055908,
    2.1558408737182617,
    1.8055477142333984,
    1.7620033025741577,
    1.764378309249878,
    1.7130045890808105,
    1.6833279132843018,
    1.7611067295074463,
    1.6869564056396484,
    1.7470884323120117,
    1.6715747117996216,
    1.746628999710083,
    1.6532158851623535,
    1.7442724704742432
  ],
  "samples": 326000
}