{
  "loss_log": [
    6.737554550170898,
    5.235943794250488,
    4.216985702514648,
    4.4959635734558105,
    4.563899040222168,
    4.162937164306641,
    4.008341312408447,
    4.579916000366211,
    3.8630473613739014,
    3.8091812133789062,
    3.672213077545166,
    3.747831344604492,
    3.4674954414367676,
    3.674191951751709,
    3.4705471992492676,
    3.2302160263061523,
    3.251776695251465,
    3.485192060470581,
    3.484813690185547,
    3.3390941619873047,
    3.161438465118408,
    3.0644078254699707,
    3.305413007736206,
    3.16532826423645,
    3.163358211517334,
    2.997037410736084,
    3.0523979663848877,
    3.2337470054626465,
    3.107110023498535,
    3.0607171058654785,
    2.992527961730957,
    2.985318660736084,
    3.005131244659424,
    3.0128276348114014,
    3.0402097702026367,
    2.8923726081848145,
    2.969616413116455,
    2.9842000007629395,
    2.8823366165161133,
    2.8979787826538086,
    2.884059429168701,
    2.758596658706665,
    2.8699393272399902,
    2.8402862548828125,
    2.7918832302093506,
    2.7671520709991455,
    2.8006515502929688,
    2.752711772918701,
    2.774747610092163,
    2.7876248359680176,
    2.7771847248077393,
    2.6851367950439453,
    2.7181646823883057,
    2.7066831588745117,
    2.7170090675354004,
    2.650477647781372,
    2.686441659927368,
    2.6569671630859375,
    2.645533561706543,
    2.642411231994629,
    2.629030227661133,
    2.6404266357421875,
    2.58644437789917,
    2.61745285987854,
    2.637089967727661,
    2.6607799530029297,
    2.6457836627960205,
    2.6774821281433105,
    2.596689224243164,
    2.7069180011749268,
    2.527932643890381,
    2.569795846939087,
    2.558580160140991,
    2.5918166637420654,
    2.6728203296661377,
    2.542649745941162,
    2.585777759552002,
    2.62166690826416,
    2.730764389038086
  ],
  "samples": 531000
}