{
  "loss_log": [
    5.845217227935791,
    4.617254257202148,
    4.681806564331055,
    4.481616973876953,
    4.104307651519775,
    3.6751084327697754,
    4.018849849700928,
    4.176896095275879,
    3.5075981616973877,
    3.5260009765625,
    3.3387155532836914,
    3.196402072906494,
    3.071925163269043,
    2.992372512817383,
    3.039681911468506,
    3.1682019233703613,
    2.794928789138794,
    2.879085063934326,
    3.001525402069092,
    2.918118953704834,
    2.729003667831421,
    2.7418274879455566,
    2.6456072330474854,
    2.614443778991699,
    2.7278523445129395,
    2.457054615020752,
    2.4730916023254395,
    2.602954864501953,
    2.599412679672241,
    2.558565855026245,
    2.4939236640930176,
    2.409281015396118,
    2.448281764984131,
    2.528794288635254,
    2.535860538482666,
    2.4457244873046875,
    2.5090208053588867,
    2.209296226501465,
    2.5112454891204834,
    2.4312214851379395,
    2.3200526237487793,
    2.2678089141845703,
    2.3286118507385254,
    2.394632339477539,
    2.2300288677215576,
    2.131284713745117,
    2.2417378425598145,
    2.3102030754089355,
    2.167018413543701,
    2.1678643226623535,
    2.1566076278686523,
    2.062985897064209,
    2.2381198406219482,
    2.079172372817993,
    2.1843507289886475,
    2.1399435997009277,
    1.9386987686157227,
    2.0977039337158203,
    1.97870934009552,
    2.0634989738464355,
    2.1456189155578613,
    2.1391854286193848,
    2.128389835357666,
    1.9804471731185913,
    2.1060173511505127,
    1.9190400838851929,
    2.0071136951446533,
    2.0690951347351074,
    2.021083116531372,
    1.961637020111084,
    1.959183931350708,
    2.1390273571014404,
    1.9211914539337158,
    2.0374093055725098,
    1.8588414192199707,
    2.0043067932128906,
    1.9063055515289307,
    1.9009227752685547,
    1.877271056175232
  ],
  "samples": 316000
}