{
  "loss_log": [
    4.613628387451172,
    4.744328498840332,
    4.703723907470703,
    3.865081787109375,
    3.734691858291626,
    3.9374780654907227,
    3.6998372077941895,
    3.2356982231140137,
    3.5300960540771484,
    3.0554885864257812,
    3.230504035949707,
    3.1293833255767822,
    3.3014373779296875,
    2.8625125885009766,
    2.9548845291137695,
    3.0578713417053223,
    2.713189125061035,
    2.7396669387817383,
    2.8723092079162598,
    2.6785695552825928,
    2.690450429916382,
    2.84622859954834,
    2.6688008308410645,
    2.6724631786346436,
    2.5818581581115723,
    2.661804437637329,
    2.957551956176758,
    2.613438606262207,
    2.744955062866211,
    2.424164295196533,
    2.4698662757873535,
    2.6533141136169434,
    2.7088980674743652,
    2.4670519828796387,
    2.399186134338379,
    2.4595656394958496,
    2.4419009685516357,
    2.5406482219696045,
    2.437626361846924,
    2.628225326538086,
    2.7083535194396973,
    2.6185503005981445,
    2.5997376441955566,
    2.641631603240967,
    2.37503719329834,
    2.3843865394592285,
    2.523674249649048,
    2.4859867095947266,
    2.4205451011657715,
    2.4611315727233887,
    2.511674642562866,
    2.230118751525879,
    2.301334857940674,
    2.3393917083740234,
    2.4586052894592285,
    2.4600019454956055,
    2.3513331413269043,
    2.593336582183838,
    2.48476505279541,
    2.3783421516418457,
    2.3607470989227295,
    2.5640692710876465,
    2.4163143634796143,
    2.347022533416748,
    2.274982452392578,
    2.3127408027648926,
    2.2324271202087402,
    2.2926878929138184,
    2.3048267364501953,
    2.2492692470550537,
    2.516050338745117,
    2.3479979038238525,
    2.194528579711914,
    2.303656578063965,
    2.2734005451202393,
    2.1885344982147217,
    2.575870990753174,
    2.4607295989990234,
    2.6039223670959473
  ],
  "samples": 261000
}