{
  "loss_log": [
    2.7651491165161133,
    2.8543901443481445,
    3.0039684772491455,
    2.9561221599578857,
    3.246816635131836,
    2.90301251411438,
    2.871044635772705,
    2.906055450439453,
    2.9617433547973633,
    2.7417311668395996,
    3.1406803131103516,
    2.579807996749878,
    2.9063684940338135,
    2.9168941974639893,
    3.0057778358459473,
    2.874314546585083,
    2.8422489166259766,
    2.954894542694092,
    2.9524905681610107,
    2.8219408988952637,
    2.709076166152954,
    3.2184691429138184,
    2.886396884918213,
    3.087697982788086,
    2.885350227355957,
    3.2250447273254395,
    2.7731590270996094,
    2.9909098148345947,
    2.7261524200439453,
    3.1317832469940186,
    3.1169724464416504,
    3.153294086456299,
    2.995140552520752,
    2.883056879043579,
    2.8736698627471924,
    2.8990957736968994,
    2.8895184993743896,
    2.9272358417510986,
    3.181610584259033,
    3.062094211578369,
    2.9348812103271484,
    3.2134945392608643,
    2.8103251457214355,
    2.709516763687134,
    3.072266101837158,
    2.8892998695373535,
    3.078301191329956,
    3.027465343475342,
    3.0649166107177734,
    3.1932177543640137,
    2.994612455368042,
    3.0961923599243164,
    3.0366058349609375,
    2.8818798065185547,
    3.0371322631835938,
    2.998199462890625,
    3.1833953857421875,
    3.170957565307617,
    3.080759286880493,
    2.8242194652557373,
    3.0958175659179688,
    3.0369017124176025,
    3.131089687347412,
    3.139449119567871,
    2.8839380741119385,
    2.9998016357421875,
    3.201720714569092,
    2.882180690765381,
    2.5714902877807617,
    2.8310606479644775,
    3.064598560333252,
    2.838749885559082,
    3.189419984817505,
    2.806795597076416,
    2.884615421295166,
    2.5816516876220703,
    2.9361140727996826,
    2.8688104152679443,
    3.2785239219665527
  ],
  "samples": 151000
}