{
  "loss_log": [
    5.0111470222473145,
    4.032878398895264,
    5.461553573608398,
    3.5307064056396484,
    4.470541954040527,
    4.081409454345703,
    3.1886534690856934,
    3.3133738040924072,
    3.2943108081817627,
    2.6763455867767334,
    2.9364378452301025,
    2.7429723739624023,
    2.7212400436401367,
    2.997365951538086,
    2.850658416748047,
    2.7694387435913086,
    2.536257028579712,
    2.60609769821167,
    2.405055046081543,
    2.743203639984131,
    2.581970691680908,
    2.425593376159668,
    2.6316890716552734,
    2.551734209060669,
    2.3442559242248535,
    2.5950074195861816,
    2.3954215049743652,
    2.536806583404541,
    2.392209053039551,
    2.477069854736328,
    2.3688700199127197,
    2.5000038146972656,
    2.357232093811035,
    2.3666505813598633,
    2.34072208404541,
    2.1807074546813965,
    2.219200849533081,
    2.278698444366455,
    2.2278616428375244,
    2.2862908840179443,
    2.2134690284729004,
    2.137572765350342,
    2.223473072052002,
    2.234825849533081,
    2.144137382507324,
    2.150282382965088,
    2.113908529281616,
    2.091242790222168,
    2.0576086044311523,
    2.187168598175049,
    1.960850715637207,
    2.061347723007202,
    2.1653690338134766,
    2.0803372859954834,
    2.010340929031372,
    1.9925339221954346,
    1.976851463317871,
    2.0557861328125,
    1.9860080480575562,
    1.9585771560668945,
    2.0342421531677246,
    1.9513001441955566,
    1.9789615869522095,
    2.011636972427368,
    1.9835684299468994,
    1.851091980934143,
    1.991367220878601,
    1.9148280620574951,
    1.9783051013946533,
    1.9052226543426514,
    1.9983558654785156,
    1.8928916454315186,
    1.8812692165374756,
    1.883345603942871,
    1.9534844160079956,
    1.8939969539642334,
    1.8751920461654663,
    1.8155224323272705,
    1.960782527923584
  ],
  "samples": 291000
}