{
  "loss_log": [
    6.5608720779418945,
    3.977166175842285,
    4.88401985168457,
    4.585155487060547,
    3.9316163063049316,
    3.290867328643799,
    3.6609740257263184,
    3.461162567138672,
    3.506134033203125,
    3.4198644161224365,
    3.183049201965332,
    3.0374977588653564,
    2.7989814281463623,
    3.0278196334838867,
    2.9740564823150635,
    2.659104108810425,
    2.8163487911224365,
    2.6804635524749756,
    2.768493890762329,
    2.860686779022217,
    2.738949775695801,
    2.6402812004089355,
    2.6167824268341064,
    2.510420083999634,
    2.6458897590637207,
    2.6006274223327637,
    2.4853997230529785,
    2.5910181999206543,
    2.5228614807128906,
    2.4912829399108887,
    2.476755142211914,
    2.504467010498047,
    2.4137306213378906,
    2.4785866737365723,
    2.456977367401123,
    2.487684726715088,
    2.389584541320801,
    2.396076202392578,
    2.399887800216675,
    2.415179491043091,
    2.3669753074645996,
    2.4482202529907227,
    2.4085421562194824,
    2.287947177886963,
    2.3702645301818848,
    2.3293256759643555,
    2.394531726837158,
    2.329521656036377,
    2.400092363357544,
    2.4143245220184326,
    2.302837371826172,
    2.3630528450012207,
    2.296769618988037,
    2.2680954933166504,
    2.3330881595611572,
    2.2744007110595703,
    2.3181827068328857,
    2.253296375274658,
    2.289278030395508,
    2.392859697341919,
    2.374992609024048,
    2.295680046081543,
    2.3147735595703125,
    2.292412519454956,
    2.300960063934326,
    2.3311667442321777,
    2.2487826347351074,
    2.2983877658843994,
    2.381152629852295,
    2.2660114765167236,
    2.301332950592041,
    2.304218292236328,
    2.2299394607543945,
    2.39475154876709,
    2.329688549041748,
    2.3073320388793945,
    2.2859420776367188,
    2.313488483428955,
    2.25645112991333
  ],
  "samples": 536000
}