{
  "loss_log": [
    4.732219696044922,
    4.576375961303711,
    3.7802529335021973,
    4.324042320251465,
    3.5991411209106445,
    3.326364517211914,
    3.115603446960449,
    3.2283310890197754,
    3.5197067260742188,
    2.9871277809143066,
    3.2658469676971436,
    2.863621234893799,
    3.083021640777588,
    3.0041732788085938,
    2.853292465209961,
    2.906554698944092,
    2.860516309738159,
    2.9020347595214844,
    2.962122917175293,
    2.826669216156006,
    2.6492390632629395,
    2.767660617828369,
    2.643200397491455,
    2.5944504737854004,
    2.79630446434021,
    2.6057825088500977,
    2.5464353561401367,
    2.536059617996216,
    2.6590771675109863,
    2.51007080078125,
    2.511692523956299,
    2.6089260578155518,
    2.547334671020508,
    2.5067453384399414,
    2.47293758392334,
    2.3042709827423096,
    2.4661920070648193,
    2.4685280323028564,
    2.460811138153076,
    2.2853076457977295,
    2.42883038520813,
    2.3989884853363037,
    2.3080646991729736,
    2.406132221221924,
    2.5170092582702637,
    2.423954963684082,
    2.487628936767578,
    2.342048168182373,
    2.2533912658691406,
    2.257516622543335,
    2.543506622314453,
    2.1876845359802246,
    2.5012664794921875,
    2.424679756164551,
    2.16501522064209,
    2.2222208976745605,
    2.322439670562744,
    2.183182716369629,
    2.2629311084747314,
    2.4016542434692383,
    2.2891619205474854,
    2.2607579231262207,
    2.3368120193481445,
    2.1313772201538086,
    2.3304522037506104,
    2.2605133056640625,
    2.2024500370025635,
    2.1842286586761475,
    2.355841636657715,
    2.192471981048584,
    2.103510856628418,
    2.2931923866271973,
    2.248957633972168,
    2.2109875679016113,
    2.2279348373413086,
    2.290891170501709,
    2.168304443359375,
    2.1870031356811523,
    2.055760383605957
  ],
  "samples": 251000
}