{
  "loss_log": [
    2.9297380447387695,
    2.753258466720581,
    2.6288700103759766,
    2.9767978191375732,
    3.2026145458221436,
    2.735044002532959,
    2.6678266525268555,
    2.924560546875,
    2.663174629211426,
    3.0168046951293945,
    2.7618162631988525,
    2.8873159885406494,
    2.7957992553710938,
    2.9814178943634033,
    2.9697022438049316,
    2.9318957328796387,
    2.7267961502075195,
    3.090628147125244,
    2.9281370639801025,
    2.560844659805298,
    3.065168619155884,
    2.65439510345459,
    2.957331418991089,
    3.0947232246398926,
    2.8004848957061768,
    2.887759208679199,
    2.8568902015686035,
    2.858741044998169,
    2.939039468765259,
    2.566845178604126,
    2.845961332321167,
    2.9758100509643555,
    2.874603748321533,
    3.0010151863098145,
    2.9590015411376953,
    3.0018296241760254,
    2.8662848472595215,
    3.1529700756073,
    3.292964458465576,
    2.583146333694458,
    2.8078818321228027,
    2.713902473449707,
    2.943481922149658,
    3.1484713554382324,
    2.8817358016967773,
    2.9644367694854736,
    2.583458662033081,
    3.205897331237793,
    2.9741127490997314,
    2.8716697692871094,
    3.0450477600097656,
    2.737093925476074,
    2.833740472793579,
    2.9017882347106934,
    3.0361146926879883,
    2.745954990386963,
    2.7436161041259766,
    2.786020517349243,
    2.797543525695801,
    3.04732346534729,
    2.742694139480591,
    2.768321990966797,
    2.5493931770324707,
    2.3635499477386475,
    3.039696216583252,
    2.9047842025756836,
    2.880373001098633,
    2.776995897293091,
    2.490248441696167,
    2.6096744537353516,
    2.794093608856201,
    2.8751964569091797,
    2.8549351692199707,
    3.1102800369262695,
    2.748077869415283,
    3.0636961460113525,
    2.67195987701416,
    2.7668027877807617,
    2.0209732055664062
  ],
  "samples": 106000
}