{
  "loss_log": [
    4.589658737182617,
    4.271276473999023,
    4.349523544311523,
    3.9805614948272705,
    3.7211053371429443,
    3.5601062774658203,
    3.5528383255004883,
    3.5468459129333496,
    3.5302934646606445,
    3.4740140438079834,
    3.367619752883911,
    3.379490852355957,
    3.1512770652770996,
    3.460437297821045,
    3.3420281410217285,
    3.019183397293091,
    3.19069242477417,
    3.0975804328918457,
    3.2901904582977295,
    3.0587031841278076,
    3.1410369873046875,
    3.117192268371582,
    2.97005033493042,
    3.064112424850464,
    3.0828514099121094,
    2.9147181510925293,
    3.021514892578125,
    2.888685703277588,
    2.957777261734009,
    3.1391119956970215,
    2.9964728355407715,
    2.667497396469116,
    2.816525936126709,
    2.8609964847564697,
    2.5627684593200684,
    2.841519355773926,
    2.8013086318969727,
    2.6870899200439453,
    2.6745071411132812,
    2.8134970664978027,
    2.6792855262756348,
    2.438321113586426,
    2.7723941802978516,
    2.5817337036132812,
    2.6925957202911377,
    2.68609881401062,
    2.4254772663116455,
    2.48028826713562,
    2.519974708557129,
    2.5958333015441895,
    2.425306797027588,
    2.5611910820007324,
    2.56915545463562,
    2.349830150604248,
    2.4114980697631836,
    2.4329276084899902,
    2.546532392501831,
    2.3363704681396484,
    2.375810146331787,
    2.1739015579223633,
    2.1910340785980225,
    2.276866912841797,
    2.188771963119507,
    2.1228466033935547,
    2.0436623096466064,
    2.2085649967193604,
    2.243177652359009,
    2.133981227874756,
    2.2339606285095215,
    2.238809108734131,
    2.1700615882873535,
    2.1693601608276367,
    2.155308246612549,
    2.2118334770202637,
    2.0491018295288086,
    2.0402941703796387,
    2.053849697113037,
    2.2765464782714844,
    2.07932186126709
  ],
  "samples": 311000
}