{
  "loss_log": [
    5.811344623565674,
    5.099472999572754,
    4.724875450134277,
    4.625514984130859,
    4.162175178527832,
    3.9698386192321777,
    3.8662238121032715,
    3.3007445335388184,
    3.168970823287964,
    3.292292833328247,
    3.3344569206237793,
    3.0560927391052246,
    3.149226427078247,
    2.900482177734375,
    3.2227213382720947,
    3.2309041023254395,
    3.0029900074005127,
    3.1677417755126953,
    2.8538870811462402,
    2.783860206604004,
    2.9153757095336914,
    2.9718284606933594,
    2.871875762939453,
    2.857142448425293,
    2.908759117126465,
    2.79119610786438,
    2.633063554763794,
    2.800299644470215,
    2.6391427516937256,
    2.5234289169311523,
    2.473494291305542,
    2.816335678100586,
    2.5139951705932617,
    2.5030388832092285,
    2.359574794769287,
    2.3949007987976074,
    2.3912911415100098,
    2.526331901550293,
    2.505129337310791,
    2.477052927017212,
    2.4119248390197754,
    2.271740674972534,
    2.3121256828308105,
    2.381023406982422,
    2.0873610973358154,
    2.512925863265991,
    2.3027710914611816,
    2.3253583908081055,
    2.121138095855713,
    2.077524185180664,
    2.110808849334717,
    2.1262784004211426,
    2.1557183265686035,
    2.1205689907073975,
    2.080427646636963,
    2.127079963684082,
    1.9520678520202637,
    2.221174716949463,
    2.0134880542755127,
    2.062842845916748,
    1.959808349609375,
    2.030555486679077,
    1.9688200950622559,
    2.0105152130126953,
    1.9636635780334473,
    1.8898570537567139,
    1.9797680377960205,
    1.922255039215088,
    1.941025972366333,
    1.958480715751648,
    2.0069351196289062,
    1.8530735969543457,
    1.9555457830429077,
    1.8708447217941284,
    1.8978934288024902,
    1.889890193939209,
    1.9880812168121338,
    1.8259196281433105,
    1.728626012802124
  ],
  "samples": 361000
}