{
  "loss_log": [
    5.114723205566406,
    4.683445930480957,
    4.101052761077881,
    3.786470413208008,
    5.070094108581543,
    4.053284168243408,
    3.4076852798461914,
    3.4436404705047607,
    3.333937883377075,
    3.274135112762451,
    3.3541383743286133,
    3.2296249866485596,
    3.1689491271972656,
    2.8480968475341797,
    3.14034366607666,
    3.134127140045166,
    3.007995128631592,
    2.9489171504974365,
    2.9421963691711426,
    2.8160400390625,
    2.84660267829895,
    2.776181697845459,
    2.7880568504333496,
    2.653663158416748,
    2.431777000427246,
    2.5699219703674316,
    2.821176052093506,
    2.683016777038574,
    2.5773403644561768,
    2.6671555042266846,
    2.57104229927063,
    2.6227948665618896,
    2.5083260536193848,
    2.403841733932495,
    2.243806838989258,
    2.3736910820007324,
    2.5034046173095703,
    2.395416259765625,
    2.3946099281311035,
    2.4042749404907227,
    2.4147021770477295,
    2.347451686859131,
    2.4111149311065674,
    2.1705760955810547,
    2.2386205196380615,
    2.0746572017669678,
    2.198089838027954,
    2.166024684906006,
    2.4048690795898438,
    2.105452537536621,
    2.096104145050049,
    2.0529160499572754,
    2.1795620918273926,
    2.1561086177825928,
    2.0156311988830566,
    2.0941505432128906,
    2.103832483291626,
    2.137378454208374,
    2.146239757537842,
    2.021440267562866,
    2.1016926765441895,
    2.2015810012817383,
    2.110489845275879,
    2.1175968647003174,
    1.9948537349700928,
    1.948046326637268,
    2.071702480316162,
    1.999071478843689,
    1.9631993770599365,
    1.9370410442352295,
    2.0218029022216797,
    2.0828518867492676,
    1.9180041551589966,
    1.924926519393921,
    1.9203094244003296,
    1.963805913925171,
    1.9224570989608765,
    1.9165823459625244,
    1.8838372230529785
  ],
  "samples": 266000
}