{
  "loss_log": [
    3.2565507888793945,
    3.0808258056640625,
    3.020089626312256,
    3.164442300796509,
    3.0142457485198975,
    2.7279744148254395,
    2.8275911808013916,
    2.843881130218506,
    2.9126644134521484,
    2.871779203414917,
    2.6848676204681396,
    2.708728075027466,
    2.6023623943328857,
    2.9482228755950928,
    2.8689932823181152,
    3.0433223247528076,
    2.9579412937164307,
    2.5032153129577637,
    2.897366762161255,
    3.1330018043518066,
    2.727606773376465,
    2.803757667541504,
    2.9133362770080566,
    2.9330477714538574,
    2.776639938354492,
    3.05849552154541,
    3.2059879302978516,
    3.018662214279175,
    3.0741991996765137,
    2.8448233604431152,
    2.7324914932250977,
    2.702688217163086,
    2.7605154514312744,
    3.0106704235076904,
    2.809584140777588,
    3.282161235809326,
    2.896571159362793,
    2.8446006774902344,
    2.950946807861328,
    2.905721664428711,
    2.9204659461975098,
    2.7738709449768066,
    2.9412972927093506,
    2.9003114700317383,
    2.8672502040863037,
    2.8222289085388184,
    2.810337543487549,
    2.8117105960845947,
    2.985964775085449,
    3.0623998641967773,
    3.2529640197753906,
    2.5993118286132812,
    3.0709967613220215,
    3.145035743713379,
    3.0333104133605957,
    2.770895004272461,
    3.01576566696167,
    2.9955015182495117,
    3.0802016258239746,
    2.733093738555908,
    2.906059741973877,
    3.0966787338256836,
    2.8843488693237305,
    2.8243906497955322,
    2.737921714782715,
    2.792625904083252,
    2.9995217323303223,
    2.693694591522217,
    2.7984516620635986,
    2.736555337905884,
    2.9228501319885254,
    2.829566717147827,
    2.9881033897399902,
    3.042773723602295,
    2.902050256729126,
    2.8598384857177734,
    3.2034661769866943,
    3.008207321166992,
    2.736337423324585
  ],
  "samples": 211000
}