{
  "loss_log": [
    5.4326934814453125,
    6.217505931854248,
    5.439245223999023,
    4.392159938812256,
    4.549768924713135,
    4.007596969604492,
    3.9660487174987793,
    3.518165111541748,
    3.1098594665527344,
    3.2295351028442383,
    2.976553440093994,
    3.2569193840026855,
    3.069646120071411,
    2.9569623470306396,
    3.29329514503479,
    3.145735263824463,
    2.7768054008483887,
    3.0815701484680176,
    2.773380756378174,
    2.810197353363037,
    2.8683180809020996,
    2.914005756378174,
    2.9471664428710938,
    2.6231741905212402,
    2.6151626110076904,
    2.5100247859954834,
    2.6900415420532227,
    2.683955669403076,
    2.575270175933838,
    2.3722972869873047,
    2.6321072578430176,
    2.551621437072754,
    2.4430885314941406,
    2.610114574432373,
    2.556267261505127,
    2.385164260864258,
    2.4525630474090576,
    2.363004207611084,
    2.5496678352355957,
    2.40847110748291,
    2.4659533500671387,
    2.4120259284973145,
    2.357909679412842,
    2.34613037109375,
    2.2784922122955322,
    2.19527530670166,
    2.2471632957458496,
    2.4033150672912598,
    2.355405807495117,
    2.2313413619995117,
    2.128500461578369,
    2.2222900390625,
    2.307225227355957,
    2.143404006958008,
    2.1405673027038574,
    2.107588291168213,
    2.2210099697113037,
    2.1409413814544678,
    2.026646614074707,
    2.0111336708068848,
    2.1669979095458984,
    1.9874473810195923,
    2.0003185272216797,
    2.1675920486450195,
    2.0744848251342773,
    2.017213821411133,
    2.0023460388183594,
    1.9855082035064697,
    2.05888032913208,
    1.9601330757141113,
    2.001188278198242,
    1.8845455646514893,
    1.8872294425964355,
    1.9250000715255737,
    1.917066216468811,
    1.9817664623260498,
    1.8321692943572998,
    1.8697352409362793,
    1.7151751518249512
  ],
  "samples": 406000
}