{
  "loss_log": [
    5.361983299255371,
    3.982820749282837,
    4.18292760848999,
    4.836939811706543,
    4.035085201263428,
    3.9467437267303467,
    3.0224807262420654,
    3.1706347465515137,
    3.3022329807281494,
    3.238948345184326,
    2.713588237762451,
    2.7020058631896973,
    2.651686906814575,
    2.492615222930908,
    2.628920078277588,
    2.404360294342041,
    2.4492545127868652,
    2.537266731262207,
    2.6218245029449463,
    2.248384952545166,
    2.514418363571167,
    2.4734129905700684,
    2.81626033782959,
    2.387274742126465,
    2.2468652725219727,
    2.5066137313842773,
    2.076094150543213,
    2.326671838760376,
    2.259589910507202,
    2.2019617557525635,
    2.169999599456787,
    2.065791606903076,
    2.1365413665771484,
    2.0636096000671387,
    1.9861106872558594,
    2.213486909866333,
    1.946431040763855,
    2.0484793186187744,
    2.026491403579712,
    2.1060736179351807,
    2.029010534286499,
    1.9976474046707153,
    2.0237021446228027,
    1.8905247449874878,
    1.953075885772705,
    1.915903091430664,
    1.8224369287490845,
    1.9268372058868408,
    2.0229692459106445,
    1.9508293867111206,
    1.8352909088134766,
    1.8756740093231201,
    1.8278462886810303,
    1.9369845390319824,
    1.8523671627044678,
    1.7899560928344727,
    1.9261819124221802,
    1.8225066661834717,
    1.866105318069458,
    1.8622651100158691,
    1.848271369934082,
    1.8561891317367554,
    1.8353779315948486,
    1.8218560218811035,
    1.8728452920913696,
    1.8603241443634033,
    1.7367267608642578,
    1.7636208534240723,
    1.8193004131317139,
    1.801804780960083,
    1.8138182163238525,
    1.7969672679901123,
    1.8307507038116455,
    1.7449238300323486,
    1.8137640953063965,
    1.7226998805999756,
    1.7782158851623535,
    1.8006154298782349,
    1.5742287635803223
  ],
  "samples": 351000
}