{
  "loss_log": [
    2.9066734313964844,
    3.130049228668213,
    3.0334954261779785,
    3.060581922531128,
    3.101555109024048,
    2.7785613536834717,
    3.1308772563934326,
    2.6336188316345215,
    3.0058140754699707,
    2.65450119972229,
    2.8642385005950928,
    2.943023204803467,
    2.8892741203308105,
    2.7519383430480957,
    2.5641884803771973,
    2.6260061264038086,
    3.1691577434539795,
    2.7002344131469727,
    2.786273956298828,
    2.9267516136169434,
    2.6808080673217773,
    2.6433920860290527,
    2.714686155319214,
    3.010946035385132,
    2.751887321472168,
    2.7392451763153076,
    2.965329647064209,
    2.6693947315216064,
    2.629300594329834,
    2.8346457481384277,
    2.8916075229644775,
    2.851350784301758,
    2.697744607925415,
    2.8986191749572754,
    2.9569716453552246,
    2.5417234897613525,
    2.593217611312866,
    2.799740791320801,
    2.7440199851989746,
    2.5225915908813477,
    3.193906307220459,
    2.7184691429138184,
    2.7555413246154785,
    2.9970388412475586,
    2.8223509788513184,
    2.930655002593994,
    2.723057985305786,
    2.9655163288116455,
    2.906006097793579,
    2.5960865020751953,
    2.6286139488220215,
    2.4339184761047363,
    2.9629108905792236,
    2.769437551498413,
    2.5947842597961426,
    2.704023838043213,
    2.8382956981658936,
    2.87666654586792,
    3.3903398513793945,
    2.7359700202941895,
    2.9222004413604736,
    2.8937549591064453,
    2.809133291244507,
    2.8572962284088135,
    2.7055931091308594,
    2.5923476219177246,
    2.6827402114868164,
    2.8174080848693848,
    3.0207576751708984,
    3.0238072872161865,
    2.8087868690490723,
    2.810164451599121,
    3.0942249298095703,
    2.3797717094421387,
    2.964284896850586,
    2.8092899322509766,
    2.5650978088378906,
    2.7994704246520996,
    3.199758768081665
  ],
  "samples": 121000
}