{
  "loss_log": [
    6.1119303703308105,
    4.997396469116211,
    4.129457950592041,
    4.226396560668945,
    3.9030866622924805,
    4.074218273162842,
    3.7891125679016113,
    3.2117490768432617,
    3.1728925704956055,
    3.042022705078125,
    3.4312140941619873,
    3.07491397857666,
    3.21596097946167,
    3.080875873565674,
    3.0294251441955566,
    2.9350547790527344,
    2.9745776653289795,
    3.1787362098693848,
    3.0440752506256104,
    2.872499942779541,
    2.8019213676452637,
    2.804535388946533,
    2.923008918762207,
    2.8981761932373047,
    2.8219971656799316,
    2.8122944831848145,
    2.8160083293914795,
    2.7674803733825684,
    2.7984561920166016,
    2.775815486907959,
    2.757296323776245,
    2.678450584411621,
    2.6246485710144043,
    2.689032793045044,
    2.6956605911254883,
    2.6190075874328613,
    2.6974992752075195,
    2.626105308532715,
    2.6201257705688477,
    2.5594844818115234,
    2.534972906112671,
    2.6472692489624023,
    2.528860330581665,
    2.620542049407959,
    2.585404872894287,
    2.575228452682495,
    2.5702056884765625,
    2.5518860816955566,
    2.5330820083618164,
    2.5306124687194824,
    2.4871413707733154,
    2.499187469482422,
    2.4898576736450195,
    2.43988037109375,
    2.543058156967163,
    2.5123867988586426,
    2.496993064880371,
    2.5144262313842773,
    2.408137798309326,
    2.454953670501709,
    2.4767990112304688,
    2.5289394855499268,
    2.4394729137420654,
    2.4157166481018066,
    2.4890284538269043,
    2.5172319412231445,
    2.430835247039795,
    2.503342628479004,
    2.426375389099121,
    2.411411762237549,
    2.467726707458496,
    2.4432005882263184,
    2.4911458492279053,
    2.4676806926727295,
    2.448390483856201,
    2.4829518795013428,
    2.3825645446777344,
    2.3887269496917725,
    2.3041014671325684
  ],
  "samples": 501000
}