{
  "loss_log": [
    5.373065948486328,
    4.5540690422058105,
    4.177022933959961,
    3.9885993003845215,
    4.488275051116943,
    3.4543893337249756,
    4.287685871124268,
    3.9366564750671387,
    3.651665687561035,
    3.0718297958374023,
    3.0550217628479004,
    3.168468475341797,
    3.1732370853424072,
    3.2442357540130615,
    3.1763153076171875,
    2.792637348175049,
    2.953587770462036,
    2.755286693572998,
    2.8558592796325684,
    2.883415937423706,
    3.2071127891540527,
    2.8833956718444824,
    2.864071846008301,
    2.953803062438965,
    2.9057271480560303,
    2.740347146987915,
    2.6906585693359375,
    2.8622567653656006,
    2.6332859992980957,
    2.734205722808838,
    2.736664295196533,
    2.7294185161590576,
    2.7201149463653564,
    2.6878552436828613,
    2.6906938552856445,
    2.6138381958007812,
    2.6200501918792725,
    2.7700304985046387,
    2.707859754562378,
    2.5060510635375977,
    2.556823253631592,
    2.403585910797119,
    2.503962993621826,
    2.4828600883483887,
    2.5538036823272705,
    2.401717185974121,
    2.462599039077759,
    2.5920727252960205,
    2.353012800216675,
    2.3921051025390625,
    2.394516706466675,
    2.3575613498687744,
    2.378587007522583,
    2.448037624359131,
    2.465986967086792,
    2.34574031829834,
    2.2939963340759277,
    2.138335943222046,
    2.3365414142608643,
    2.23356294631958,
    2.3234214782714844,
    2.1201395988464355,
    2.2568910121917725,
    2.176762342453003,
    2.0903286933898926,
    2.2789483070373535,
    2.121487855911255,
    2.108501434326172,
    2.220339059829712,
    2.2708353996276855,
    1.9712715148925781,
    2.234957695007324,
    2.1585936546325684,
    1.950201392173767,
    2.1155266761779785,
    2.0415101051330566,
    1.9927853345870972,
    2.1689858436584473,
    2.1725711822509766
  ],
  "samples": 296000
}