{
  "loss_log": [
    7.673210620880127,
    4.7876057624816895,
    5.599949359893799,
    6.156749725341797,
    4.570261478424072,
    4.653562545776367,
    4.7544660568237305,
    4.06907320022583,
    3.8895487785339355,
    3.776577949523926,
    3.5836238861083984,
    3.2371621131896973,
    3.3570594787597656,
    3.567934989929199,
    3.849586009979248,
    3.5211048126220703,
    3.2183172702789307,
    3.0547902584075928,
    3.204925060272217,
    3.0755462646484375,
    3.0291876792907715,
    2.9991893768310547,
    3.08974027633667,
    2.806993246078491,
    3.181781530380249,
    3.042896270751953,
    2.697263717651367,
    2.663644313812256,
    2.7987959384918213,
    2.6245391368865967,
    2.88657283782959,
    2.676894187927246,
    2.79980731010437,
    2.519563674926758,
    2.530285596847534,
    2.4296584129333496,
    2.398897171020508,
    2.587435483932495,
    2.669065237045288,
    2.4244894981384277,
    2.4745235443115234,
    2.482330322265625,
    2.403491497039795,
    2.4206318855285645,
    2.4237451553344727,
    2.2377164363861084,
    2.3151440620422363,
    2.3598861694335938,
    2.1946446895599365,
    2.130733013153076,
    2.15834379196167,
    2.097797393798828,
    2.2323813438415527,
    2.0936384201049805,
    2.1124308109283447,
    2.084514856338501,
    2.1470751762390137,
    2.0958423614501953,
    2.1177825927734375,
    2.0788962841033936,
    2.0694339275360107,
    2.154932975769043,
    2.0594053268432617,
    2.042497158050537,
    1.9724745750427246,
    2.098548412322998,
    1.9945337772369385,
    2.0241613388061523,
    1.910919189453125,
    2.104292869567871,
    2.0777153968811035,
    1.9976556301116943,
    2.133078098297119,
    2.0622267723083496,
    2.0601277351379395,
    2.0518195629119873,
    1.8464720249176025,
    2.0078935623168945,
    1.7825126647949219
  ],
  "samples": 376000
}