{
  "loss_log": [
    6.112374305725098,
    5.071030616760254,
    5.241933345794678,
    4.441949367523193,
    4.50126838684082,
    4.056617259979248,
    5.484318733215332,
    3.4765682220458984,
    3.533437490463257,
    3.987967014312744,
    4.008835792541504,
    3.9219889640808105,
    3.4372220039367676,
    3.11091685295105,
    3.2419443130493164,
    3.193453788757324,
    3.0158331394195557,
    2.8989763259887695,
    2.807591199874878,
    2.9358296394348145,
    2.941286563873291,
    2.9687347412109375,
    2.9856655597686768,
    2.7583932876586914,
    2.720529079437256,
    2.9447453022003174,
    2.891103506088257,
    2.8268139362335205,
    2.82720947265625,
    2.9529201984405518,
    2.6742746829986572,
    2.497997522354126,
    2.540433883666992,
    2.544698476791382,
    2.4467196464538574,
    2.470008373260498,
    2.712653160095215,
    2.5004217624664307,
    2.6204352378845215,
    2.602768659591675,
    2.536679983139038,
    2.321422576904297,
    2.5295629501342773,
    2.413634777069092,
    2.366950511932373,
    2.3873801231384277,
    2.355879306793213,
    2.271282911300659,
    2.2958431243896484,
    2.3620970249176025,
    2.3462188243865967,
    2.3111138343811035,
    2.217158794403076,
    2.186246156692505,
    2.228557825088501,
    2.335831642150879,
    2.235565185546875,
    2.2393784523010254,
    2.2570242881774902,
    2.1540396213531494,
    2.1936583518981934,
    2.347980499267578,
    2.264052391052246,
    2.12886905670166,
    2.0851449966430664,
    2.012993574142456,
    2.1171023845672607,
    2.37138032913208,
    2.095554828643799,
    2.175445556640625,
    2.003749132156372,
    1.9806163311004639,
    2.2322492599487305,
    2.204082489013672,
    2.06683349609375,
    2.1371703147888184,
    2.1188323497772217,
    1.98125422000885,
    1.9317569732666016
  ],
  "samples": 256000
}