{
  "loss_log": [
    3.2816648483276367,
    3.3523077964782715,
    3.1541390419006348,
    3.6361889839172363,
    3.2134032249450684,
    3.491276264190674,
    3.593442916870117,
    3.621385097503662,
    3.4294588565826416,
    3.182398796081543,
    3.461996555328369,
    3.6952662467956543,
    3.709151268005371,
    3.3488078117370605,
    3.3728013038635254,
    3.2513787746429443,
    3.4079363346099854,
    3.2801120281219482,
    3.268948554992676,
    3.015953779220581,
    3.490750789642334,
    3.2271671295166016,
    3.3003697395324707,
    3.239163398742676,
    3.227334499359131,
    3.2205891609191895,
    3.6159534454345703,
    3.3125858306884766,
    3.435922145843506,
    3.581423282623291,
    3.5427017211914062,
    3.4599437713623047,
    3.3504550457000732,
    3.1914405822753906,
    3.6566081047058105,
    3.2160933017730713,
    3.4651553630828857,
    3.2716798782348633,
    3.1494016647338867,
    3.3709137439727783,
    3.4518277645111084,
    3.2024364471435547,
    3.312915325164795,
    3.5009560585021973,
    3.436170816421509,
    3.1469221115112305,
    3.419438600540161,
    3.213660478591919,
    3.0272910594940186,
    3.408054828643799,
    3.1076905727386475,
    3.453138828277588,
    3.437903642654419,
    3.448802947998047,
    2.999866247177124,
    3.1785426139831543,
    3.066650390625,
    3.1059298515319824,
    3.4878530502319336,
    3.4758646488189697,
    3.408275842666626,
    3.321110486984253,
    3.223045825958252,
    3.4926254749298096,
    3.2781314849853516,
    3.286653518676758,
    3.615259885787964,
    3.3480443954467773,
    3.120943546295166,
    3.3588902950286865,
    3.4511260986328125,
    3.327418088912964,
    3.4656388759613037,
    3.247757911682129,
    3.2262778282165527,
    3.258105754852295,
    3.179692029953003,
    3.1168324947357178,
    2.518490791320801
  ],
  "samples": 36000
}