{
  "loss_log": [
    3.406888484954834,
    3.0688204765319824,
    3.1859049797058105,
    2.619657039642334,
    2.731255292892456,
    3.1511778831481934,
    2.600980758666992,
    3.0067009925842285,
    2.7455496788024902,
    2.7435638904571533,
    2.945056438446045,
    2.797003984451294,
    2.665107488632202,
    3.1156270503997803,
    2.852769613265991,
    2.7517623901367188,
    2.860531806945801,
    2.7779581546783447,
    2.8090524673461914,
    2.6315460205078125,
    2.8593595027923584,
    2.7606091499328613,
    3.0848183631896973,
    2.7637956142425537,
    2.8420867919921875,
    2.5726990699768066,
    3.0581741333007812,
    2.910344123840332,
    2.9720776081085205,
    3.0031092166900635,
    2.9057788848876953,
    3.0837934017181396,
    2.5924015045166016,
    2.8931350708007812,
    2.7499756813049316,
    2.678839683532715,
    2.8435120582580566,
    3.068885326385498,
    2.8124349117279053,
    2.9313254356384277,
    2.860560894012451,
    3.1448545455932617,
    2.6187808513641357,
    2.5879764556884766,
    2.932727575302124,
    2.9922373294830322,
    2.5373597145080566,
    2.867927312850952,
    2.895289659500122,
    2.740140199661255,
    3.2934885025024414,
    3.114875316619873,
    2.6554627418518066,
    2.9362435340881348,
    3.2278194427490234,
    2.8001136779785156,
    2.9719598293304443,
    3.0307698249816895,
    2.9243640899658203,
    3.0113744735717773,
    3.0208516120910645,
    3.018937587738037,
    2.9961764812469482,
    3.239973545074463,
    2.914745807647705,
    2.8657214641571045,
    2.779542922973633,
    2.777993679046631,
    3.222443103790283,
    2.8413238525390625,
    2.9313135147094727,
    3.107309579849243,
    2.8438620567321777,
    2.838656187057495,
    3.2902543544769287,
    2.85931396484375,
    2.9211649894714355,
    2.9156413078308105,
    3.347681999206543
  ],
  "samples": 216000
}