{
  "loss_log": [
    7.1782379150390625,
    5.5819573402404785,
    4.020732402801514,
    3.7475485801696777,
    3.5048539638519287,
    3.765888214111328,
    3.274303436279297,
    3.519348382949829,
    3.528898000717163,
    3.4561779499053955,
    3.7270796298980713,
    3.422973155975342,
    3.613417863845825,
    3.4109294414520264,
    3.6475954055786133,
    3.5781960487365723,
    3.2225394248962402,
    3.7019119262695312,
    3.3694911003112793,
    3.236346960067749,
    3.252765655517578,
    3.083693027496338,
    3.1595115661621094,
    3.222012758255005,
    3.0086750984191895,
    3.196883201599121,
    2.9815263748168945,
    3.117006301879883,
    3.130300521850586,
    2.957350492477417,
    3.1323976516723633,
    3.028209686279297,
    3.1302995681762695,
    3.046035051345825,
    2.8018574714660645,
    3.0622334480285645,
    3.008042097091675,
    2.9350976943969727,
    2.8102099895477295,
    2.9615137577056885,
    3.1218161582946777,
    2.9543111324310303,
    2.848956823348999,
    2.849249839782715,
    2.936734199523926,
    2.7544357776641846,
    2.8959882259368896,
    2.9055521488189697,
    2.755910873413086,
    2.959566116333008,
    3.0964059829711914,
    2.7917592525482178,
    2.953615188598633,
    2.7807462215423584,
    2.720900535583496,
    2.791247606277466,
    2.722949981689453,
    2.6542084217071533,
    2.6512651443481445,
    2.717133045196533,
    2.7262558937072754,
    2.7616207599639893,
    2.7212257385253906,
    2.661677122116089,
    2.7334401607513428,
    2.672292709350586,
    2.6823785305023193,
    2.704139232635498,
    2.618743419647217,
    2.5694355964660645,
    2.458366870880127,
    2.6602187156677246,
    2.6368491649627686,
    2.565485954284668,
    2.6335463523864746,
    2.6083171367645264,
    2.580507278442383,
    2.520723342895508,
    2.573418140411377
  ],
  "samples": 476000
}