{
  "loss_log": [
    4.323185443878174,
    4.0841593742370605,
    4.129402160644531,
    4.071229934692383,
    3.9498283863067627,
    3.8058314323425293,
    3.4303455352783203,
    3.44808030128479,
    3.6174521446228027,
    3.684929847717285,
    3.4983723163604736,
    3.4625861644744873,
    3.437708854675293,
    3.3964006900787354,
    3.2569150924682617,
    3.284275531768799,
    3.1897757053375244,
    3.171639919281006,
    3.2504220008850098,
    3.307631492614746,
    3.082552909851074,
    3.1303868293762207,
    3.074445962905884,
    3.159552812576294,
    3.070948839187622,
    2.99458384513855,
    3.050933599472046,
    2.988508462905884,
    2.814206123352051,
    2.974696636199951,
    2.895026683807373,
    2.782921314239502,
    2.749016523361206,
    2.82283353805542,
    2.764227867126465,
    2.763712167739868,
    2.7595386505126953,
    2.7179152965545654,
    2.794776439666748,
    2.7579455375671387,
    2.7605056762695312,
    2.6262948513031006,
    2.704371690750122,
    2.5946998596191406,
    2.7009267807006836,
    2.6451051235198975,
    2.627720832824707,
    2.699050188064575,
    2.6454062461853027,
    2.599355697631836,
    2.6199686527252197,
    2.598690986633301,
    2.6446354389190674,
    2.6343207359313965,
    2.5573887825012207,
    2.566757917404175,
    2.6915478706359863,
    2.622309684753418,
    2.590280532836914,
    2.583932876586914,
    2.4368622303009033,
    2.511103630065918,
    2.562746047973633,
    2.5276050567626953,
    2.618021011352539,
    2.5200867652893066,
    2.55279278755188,
    2.518808126449585,
    2.558596134185791,
    2.5155653953552246,
    2.5950379371643066,
    2.51969575881958,
    2.5305423736572266,
    2.5281331539154053,
    2.5601155757904053,
    2.554131031036377,
    2.4984633922576904,
    2.6240792274475098,
    2.578193187713623
  ],
  "samples": 486000
}