{
  "loss_log": [
    2.7795863151550293,
    3.0009331703186035,
    2.85205078125,
    2.9444499015808105,
    2.9735867977142334,
    2.85361385345459,
    2.814743757247925,
    3.023171901702881,
    2.796558141708374,
    2.770529270172119,
    2.843217372894287,
    2.941866397857666,
    2.9412484169006348,
    2.6948089599609375,
    2.673460006713867,
    2.8315162658691406,
    2.8000731468200684,
    2.954165458679199,
    2.821089029312134,
    3.250359058380127,
    3.145503282546997,
    3.1811845302581787,
    2.8481903076171875,
    2.8066530227661133,
    2.6732702255249023,
    3.0352044105529785,
    2.8297643661499023,
    2.6792807579040527,
    2.9035561084747314,
    2.991004228591919,
    2.757336139678955,
    2.907588005065918,
    2.9753613471984863,
    2.9443612098693848,
    2.71865177154541,
    2.8189139366149902,
    2.701589345932007,
    2.912224531173706,
    2.8123512268066406,
    2.7607929706573486,
    2.829296827316284,
    2.7473299503326416,
    3.1890146732330322,
    2.8479976654052734,
    3.030301094055176,
    3.0663485527038574,
    3.0311505794525146,
    2.7716498374938965,
    2.675386905670166,
    2.8220572471618652,
    2.8752665519714355,
    2.963742256164551,
    3.0181267261505127,
    2.9372477531433105,
    2.8741869926452637,
    2.747037887573242,
    2.9794931411743164,
    2.9275054931640625,
    2.8822383880615234,
    2.6404213905334473,
    3.126789093017578,
    2.695552349090576,
    2.777083396911621,
    2.800760269165039,
    2.755485773086548,
    2.6845409870147705,
    3.0959200859069824,
    2.968282699584961,
    2.8862433433532715,
    2.718017101287842,
    2.9126744270324707,
    2.794968843460083,
    2.9542219638824463,
    2.825422763824463,
    3.020495653152466,
    2.978705406188965,
    3.0713062286376953,
    2.8362817764282227,
    2.7970290184020996
  ],
  "samples": 226000
}