{
  "loss_log": [
    3.260519504547119,
    2.8208718299865723,
    2.817697525024414,
    3.253326416015625,
    2.956908941268921,
    3.0331573486328125,
    3.0960450172424316,
    3.2243151664733887,
    2.8138132095336914,
    2.7732839584350586,
    3.122227191925049,
    2.9954757690429688,
    3.2730019092559814,
    3.259866237640381,
    2.997818946838379,
    3.0524542331695557,
    3.1742358207702637,
    2.8851161003112793,
    2.9458837509155273,
    3.0299580097198486,
    2.760563850402832,
    3.098038673400879,
    3.0512664318084717,
    3.177067995071411,
    2.9231724739074707,
    2.975801706314087,
    3.243797779083252,
    2.803521156311035,
    2.898531675338745,
    3.1692187786102295,
    3.0930399894714355,
    2.9682631492614746,
    2.902233839035034,
    3.109175205230713,
    3.1567745208740234,
    3.1693341732025146,
    3.2538857460021973,
    2.8782827854156494,
    2.9077095985412598,
    3.043684244155884,
    3.265960693359375,
    2.7881178855895996,
    3.347836494445801,
    2.783301830291748,
    3.1972553730010986,
    3.045072555541992,
    3.0967140197753906,
    3.0446372032165527,
    2.8910064697265625,
    3.1587295532226562,
    3.100876569747925,
    3.202336311340332,
    3.058812141418457,
    2.968280792236328,
    3.2349777221679688,
    3.203507423400879,
    2.848392963409424,
    3.029161214828491,
    2.732151985168457,
    3.172717571258545,
    3.0618386268615723,
    3.3374531269073486,
    3.1470086574554443,
    3.0887930393218994,
    3.2312674522399902,
    3.1118760108947754,
    2.9891672134399414,
    2.9439103603363037,
    3.0996432304382324,
    3.0405945777893066,
    3.0102100372314453,
    3.1275835037231445,
    3.115151882171631,
    3.138908863067627,
    2.8972251415252686,
    3.022012710571289,
    3.323132276535034,
    2.960726261138916,
    2.018643856048584
  ],
  "samples": 71000
}