{
  "loss_log": [
    3.019927978515625,
    2.8364503383636475,
    2.978262424468994,
    2.8031177520751953,
    2.813735246658325,
    2.97796630859375,
    2.6088249683380127,
    2.705808162689209,
    3.071913719177246,
    2.8974642753601074,
    2.841007709503174,
    3.3259284496307373,
    3.0146372318267822,
    2.7662839889526367,
    3.071218729019165,
    2.6771998405456543,
    3.2554068565368652,
    2.546201229095459,
    2.96873140335083,
    2.410459518432617,
    3.053927183151245,
    3.357888698577881,
    2.792367458343506,
    3.030611276626587,
    3.1352429389953613,
    3.0845260620117188,
    2.7998976707458496,
    3.293895721435547,
    3.1620845794677734,
    2.8280863761901855,
    2.8078620433807373,
    2.682379722595215,
    2.8750171661376953,
    3.1592094898223877,
    2.80820369720459,
    3.2227325439453125,
    2.9789774417877197,
    2.952054023742676,
    3.3231000900268555,
    2.6188530921936035,
    3.137089729309082,
    3.3478429317474365,
    2.752830743789673,
    2.5690219402313232,
    3.1085615158081055,
    2.8752927780151367,
    2.7811741828918457,
    2.7717180252075195,
    3.045658826828003,
    2.90686297416687,
    2.9924416542053223,
    2.464017391204834,
    2.898082733154297,
    2.943591833114624,
    2.7026050090789795,
    2.9533591270446777,
    2.786595344543457,
    2.9203314781188965,
    2.8592727184295654,
    3.230442523956299,
    2.784511089324951,
    2.8694379329681396,
    2.831984519958496,
    3.058638572692871,
    2.8431625366210938,
    2.945070266723633,
    3.038663387298584,
    3.0573153495788574,
    2.9123218059539795,
    2.8995156288146973,
    2.873321056365967,
    2.9395925998687744,
    3.258331775665283,
    3.189964771270752,
    2.9249963760375977,
    2.7994933128356934,
    2.711974620819092,
    2.6881906986236572,
    2.614427089691162
  ],
  "samples": 91000
}