{
  "loss_log": [
    5.587010383605957,
    4.998721599578857,
    4.125585556030273,
    3.9170031547546387,
    4.215632915496826,
    3.7200984954833984,
    3.770352602005005,
    3.9197440147399902,
    3.259547472000122,
    3.477231502532959,
    3.355599880218506,
    3.0592026710510254,
    2.9749369621276855,
    3.0834288597106934,
    3.0152833461761475,
    2.7833619117736816,
    2.8413264751434326,
    2.7018179893493652,
    2.690495491027832,
    2.7524468898773193,
    2.7558531761169434,
    2.6491851806640625,
    2.75595760345459,
    2.4766314029693604,
    2.624809741973877,
    2.516108989715576,
    2.648900270462036,
    2.4537930488586426,
    2.222360610961914,
    2.295912742614746,
    2.4145359992980957,
    2.32832670211792,
    2.2604310512542725,
    2.2976014614105225,
    2.201505422592163,
    2.3265719413757324,
    2.1173887252807617,
    2.0746994018554688,
    2.0948586463928223,
    2.0761518478393555,
    2.145112991333008,
    2.0460045337677,
    2.0036420822143555,
    2.0198135375976562,
    2.01894211769104,
    1.994686484336853,
    2.049450397491455,
    2.0111336708068848,
    1.859399676322937,
    2.096414089202881,
    1.8657169342041016,
    1.933919072151184,
    1.9445196390151978,
    1.9627397060394287,
    1.7792024612426758,
    1.8975794315338135,
    1.907313346862793,
    1.8071174621582031,
    1.8356900215148926,
    1.8211658000946045,
    1.819913387298584,
    1.8385608196258545,
    1.8368587493896484,
    1.846928358078003,
    1.810617208480835,
    1.925660252571106,
    1.726146936416626,
    1.8732011318206787,
    1.747262716293335,
    1.7700356245040894,
    1.7792330980300903,
    1.755690097808838,
    1.7851805686950684,
    1.6985876560211182,
    1.6926424503326416,
    1.7577002048492432,
    1.636825442314148,
    1.6815524101257324,
    1.633874773979187
  ],
  "samples": 441000
}