{
  "loss_log": [
    4.102053642272949,
    3.934629201889038,
    3.586423873901367,
    3.261475086212158,
    3.6665635108947754,
    3.0841217041015625,
    3.0106191635131836,
    3.1701879501342773,
    2.9146060943603516,
    2.712948799133301,
    2.8326363563537598,
    2.6805837154388428,
    2.6021728515625,
    3.343308925628662,
    3.64046573638916,
    2.409355401992798,
    2.522843360900879,
    2.957345962524414,
    2.874460220336914,
    2.3506839275360107,
    2.396848201751709,
    2.2458558082580566,
    2.4661483764648438,
    2.2647337913513184,
    2.2656655311584473,
    2.0781748294830322,
    2.217923164367676,
    2.185727834701538,
    2.0843639373779297,
    2.0815296173095703,
    2.022773265838623,
    1.9561831951141357,
    2.123255968093872,
    2.031820774078369,
    1.9988353252410889,
    1.8929682970046997,
    2.016458749771118,
    2.1689066886901855,
    1.9322590827941895,
    1.9236221313476562,
    1.9880592823028564,
    1.8710486888885498,
    1.8839551210403442,
    1.9929311275482178,
    1.8197346925735474,
    1.8499853610992432,
    1.8335881233215332,
    1.8436329364776611,
    1.8943817615509033,
    1.842069149017334,
    1.8039888143539429,
    1.810520052909851,
    1.7803535461425781,
    1.7609370946884155,
    1.8011753559112549,
    1.8665649890899658,
    1.8008828163146973,
    1.92433762550354,
    1.7225642204284668,
    1.8105477094650269,
    1.8804998397827148,
    1.7486834526062012,
    1.8118515014648438,
    1.7966327667236328,
    1.7808032035827637,
    1.708097219467163,
    1.7761704921722412,
    1.6752780675888062,
    1.7412960529327393,
    1.6999671459197998,
    1.724408745765686,
    1.6777467727661133,
    1.6779122352600098,
    1.7291818857192993,
    1.7247668504714966,
    1.6427547931671143,
    1.7135066986083984,
    1.6534243822097778,
    1.6727986335754395
  ],
  "samples": 401000
}