{
  "loss_log": [
    5.714427947998047,
    5.412662506103516,
    4.862259864807129,
    4.947214126586914,
    4.433648586273193,
    4.405631065368652,
    4.501544952392578,
    4.571905136108398,
    4.221867561340332,
    4.13081693649292,
    3.825488567352295,
    3.8332083225250244,
    3.4289422035217285,
    3.8348023891448975,
    3.5503249168395996,
    3.6600594520568848,
    3.340749740600586,
    3.2793314456939697,
    3.3665664196014404,
    3.4224696159362793,
    3.4173686504364014,
    3.4152119159698486,
    3.1343793869018555,
    3.268608808517456,
    3.3516807556152344,
    3.2679481506347656,
    3.2296524047851562,
    3.1717753410339355,
    2.996877908706665,
    3.194657802581787,
    3.1309776306152344,
    3.394716262817383,
    3.001483678817749,
    3.0325074195861816,
    3.061741352081299,
    3.0570766925811768,
    2.9144797325134277,
    3.0513384342193604,
    2.9522783756256104,
    2.9724912643432617,
    2.9190447330474854,
    2.9163291454315186,
    2.9298930168151855,
    3.05888032913208,
    2.8113889694213867,
    2.9139487743377686,
    2.8356590270996094,
    2.753262996673584,
    2.8052093982696533,
    2.5826363563537598,
    2.8144493103027344,
    2.7621774673461914,
    2.811919689178467,
    2.6536786556243896,
    2.7625515460968018,
    2.5161523818969727,
    2.743124485015869,
    2.5411593914031982,
    2.612494707107544,
    2.554394006729126,
    2.471369981765747,
    2.6601009368896484,
    2.5137696266174316,
    2.6546623706817627,
    2.543722629547119,
    2.4302968978881836,
    2.5017428398132324,
    2.651771306991577,
    2.5938076972961426,
    2.4920554161071777,
    2.4933671951293945,
    2.501516342163086,
    2.4950826168060303,
    2.45719051361084,
    2.569603204727173,
    2.4345645904541016,
    2.5401675701141357,
    2.243422508239746,
    2.3870460987091064
  ],
  "samples": 276000
}