{
  "loss_log": [
    5.331160545349121,
    4.207566261291504,
    4.560339450836182,
    5.020106315612793,
    4.920790672302246,
    3.2463364601135254,
    3.384721279144287,
    3.616168975830078,
    3.8497085571289062,
    3.6372952461242676,
    3.7946395874023438,
    3.054823160171509,
    2.761436700820923,
    2.775789260864258,
    3.0782413482666016,
    3.0473623275756836,
    2.983762741088867,
    2.694436550140381,
    2.8229947090148926,
    2.82664155960083,
    2.5334115028381348,
    2.769094467163086,
    2.4598898887634277,
    2.369810104370117,
    2.327902317047119,
    2.337371349334717,
    2.3994288444519043,
    2.3856968879699707,
    2.271099328994751,
    2.2693676948547363,
    2.153324604034424,
    2.289255142211914,
    2.2872023582458496,
    2.261951446533203,
    2.040663719177246,
    2.277284622192383,
    2.1705050468444824,
    2.171691417694092,
    2.109668254852295,
    2.0732028484344482,
    2.089287281036377,
    2.0745644569396973,
    1.9850502014160156,
    2.0707454681396484,
    2.036682367324829,
    2.173861503601074,
    1.9494696855545044,
    1.9378982782363892,
    1.8914141654968262,
    1.9709877967834473,
    1.980323314666748,
    1.9287410974502563,
    1.861199140548706,
    1.9995414018630981,
    1.937841773033142,
    1.841642141342163,
    1.8377735614776611,
    1.8381333351135254,
    1.9390957355499268,
    1.8340134620666504,
    1.7590901851654053,
    1.8211889266967773,
    1.8703083992004395,
    1.858067274093628,
    1.8018375635147095,
    1.8082032203674316,
    1.7714142799377441,
    1.7390525341033936,
    1.845234751701355,
    1.8487074375152588,
    1.8000402450561523,
    1.7243807315826416,
    1.7926194667816162,
    1.6910884380340576,
    1.7260315418243408,
    1.7449040412902832,
    1.729478359222412,
    1.7247464656829834,
    1.8219002485275269
  ],
  "samples": 381000
}