{
  "loss_log": [
    5.121640682220459,
    5.011228084564209,
    4.066130638122559,
    4.422186851501465,
    4.364152908325195,
    3.5251834392547607,
    3.662872791290283,
    3.283637285232544,
    3.039419651031494,
    3.0257344245910645,
    2.9410643577575684,
    2.775275945663452,
    2.924164295196533,
    2.8343732357025146,
    2.850942850112915,
    2.866971969604492,
    2.968674659729004,
    2.7371344566345215,
    2.69079852104187,
    2.6866772174835205,
    2.636073589324951,
    2.748277187347412,
    2.65421724319458,
    2.6640686988830566,
    2.5688419342041016,
    2.5150952339172363,
    2.4420409202575684,
    2.6627895832061768,
    2.529348850250244,
    2.37988018989563,
    2.534712314605713,
    2.50008487701416,
    2.3225879669189453,
    2.3950390815734863,
    2.3427443504333496,
    2.430062770843506,
    2.315878391265869,
    2.411466598510742,
    2.3418686389923096,
    2.246889114379883,
    2.4152441024780273,
    2.289214849472046,
    2.210294008255005,
    2.2029247283935547,
    2.2243099212646484,
    2.315460443496704,
    2.1629531383514404,
    2.2547788619995117,
    2.132873058319092,
    2.0975379943847656,
    2.1588046550750732,
    2.296710968017578,
    2.152796983718872,
    2.1905837059020996,
    2.0359325408935547,
    2.1217589378356934,
    2.025078773498535,
    2.0827338695526123,
    2.152820110321045,
    1.9736886024475098,
    2.239391326904297,
    2.030827760696411,
    1.962618112564087,
    1.9961018562316895,
    2.0858492851257324,
    2.0917234420776367,
    2.0346529483795166,
    2.054208993911743,
    1.9516186714172363,
    2.103508234024048,
    2.009265899658203,
    1.9694395065307617,
    1.9755679368972778,
    1.9778157472610474,
    2.074662208557129,
    1.8132261037826538,
    1.9990360736846924,
    2.124276876449585,
    1.7622344493865967
  ],
  "samples": 286000
}