{
  "loss_log": [
    3.0165281295776367,
    2.961621046066284,
    2.9981045722961426,
    3.064589023590088,
    2.8341898918151855,
    3.0463194847106934,
    2.8944411277770996,
    2.8341481685638428,
    2.8879809379577637,
    2.8942012786865234,
    3.2437705993652344,
    2.515456199645996,
    3.0598526000976562,
    2.8779046535491943,
    2.9579291343688965,
    2.8840813636779785,
    2.8997528553009033,
    2.9615607261657715,
    2.992708206176758,
    2.994141101837158,
    2.7463858127593994,
    3.0656347274780273,
    2.837825298309326,
    3.0794272422790527,
    2.9123616218566895,
    2.857825756072998,
    2.5880849361419678,
    3.110011577606201,
    2.8764586448669434,
    2.7146706581115723,
    2.8339221477508545,
    3.1645045280456543,
    2.4616289138793945,
    3.183603286743164,
    2.5547616481781006,
    3.1340672969818115,
    2.7672410011291504,
    3.1480226516723633,
    2.629600763320923,
    2.9311752319335938,
    3.0162460803985596,
    2.819143772125244,
    2.836110830307007,
    2.9395573139190674,
    2.64552903175354,
    2.8676469326019287,
    2.5975258350372314,
    2.873356819152832,
    2.903158664703369,
    2.97338604927063,
    2.7002668380737305,
    3.0680198669433594,
    2.6333062648773193,
    3.145738363265991,
    2.8938374519348145,
    2.627072334289551,
    2.778625965118408,
    2.8554673194885254,
    2.958186626434326,
    2.896894693374634,
    2.730372428894043,
    2.8626394271850586,
    3.01602840423584,
    2.9385299682617188,
    2.778137445449829,
    3.183943271636963,
    2.728618621826172,
    2.977534770965576,
    3.1155266761779785,
    3.017691135406494,
    2.7407946586608887,
    2.981358289718628,
    2.932363271713257,
    2.8401682376861572,
    2.7576966285705566,
    3.0157032012939453,
    2.902149200439453,
    2.705350875854492,
    2.433830976486206
  ],
  "samples": 101000
}