{
  "loss_log": [
    3.0545921325683594,
    3.3715929985046387,
    3.340214729309082,
    3.323197841644287,
    3.268117904663086,
    2.78281831741333,
    3.346151351928711,
    3.2143540382385254,
    2.911271333694458,
    3.6277945041656494,
    3.150813579559326,
    3.2456531524658203,
    3.2589573860168457,
    3.2514123916625977,
    3.140807867050171,
    3.080808639526367,
    3.136519432067871,
    3.202631950378418,
    2.9959559440612793,
    3.0778932571411133,
    3.05485200881958,
    3.3480148315429688,
    3.012474775314331,
    3.2214643955230713,
    3.2548999786376953,
    3.187025547027588,
    3.15458345413208,
    3.2435789108276367,
    2.913724899291992,
    2.9052255153656006,
    3.0913467407226562,
    2.9184741973876953,
    3.0560784339904785,
    3.1012067794799805,
    3.0310635566711426,
    3.0611720085144043,
    3.0396504402160645,
    3.0763473510742188,
    3.1214077472686768,
    2.9889895915985107,
    3.1732234954833984,
    3.511115789413452,
    3.387390613555908,
    3.045073986053467,
    3.2774062156677246,
    3.0313355922698975,
    3.344818115234375,
    3.2203593254089355,
    3.0737409591674805,
    3.055237293243408,
    3.323249340057373,
    3.6990714073181152,
    3.241820812225342,
    3.0350780487060547,
    2.738495111465454,
    3.397101402282715,
    2.9722745418548584,
    3.059910535812378,
    2.966411590576172,
    3.427966833114624,
    3.052204132080078,
    3.3101682662963867,
    3.3127896785736084,
    3.2520575523376465,
    3.465029716491699,
    3.414036750793457,
    3.2965283393859863,
    3.3740029335021973,
    3.4224839210510254,
    3.4814672470092773,
    3.1336586475372314,
    3.2419962882995605,
    3.5465192794799805,
    2.8708481788635254,
    2.806088447570801,
    3.2681283950805664,
    3.0943715572357178,
    3.1789638996124268,
    3.6369118690490723
  ],
  "samples": 46000
}