{
  "loss_log": [
    6.120338439941406,
    6.4244303703308105,
    5.069266319274902,
    4.205099105834961,
    4.401397705078125,
    4.054288387298584,
    4.33568000793457,
    3.324341297149658,
    3.6090879440307617,
    3.6803228855133057,
    3.548969268798828,
    3.949565887451172,
    3.521738290786743,
    3.297008991241455,
    3.656844139099121,
    3.369140148162842,
    3.086245059967041,
    3.164367198944092,
    3.296449661254883,
    3.070751905441284,
    2.7947800159454346,
    2.8141894340515137,
    3.1277756690979004,
    2.922433376312256,
    2.715280055999756,
    2.7256546020507812,
    2.9344801902770996,
    2.8421883583068848,
    2.5460944175720215,
    2.5900771617889404,
    2.720947265625,
    2.735292911529541,
    2.6352062225341797,
    2.58260440826416,
    2.7659695148468018,
    2.512598991394043,
    2.459738254547119,
    2.3790123462677,
    2.398911952972412,
    2.335996627807617,
    2.4300894737243652,
    2.2946062088012695,
    2.4711360931396484,
    2.1914222240448,
    2.2992374897003174,
    2.251741886138916,
    2.2705492973327637,
    2.2076244354248047,
    2.2917797565460205,
    2.0580317974090576,
    2.0777368545532227,
    2.106109857559204,
    2.084493637084961,
    2.2002084255218506,
    2.199718952178955,
    2.18192195892334,
    2.0195417404174805,
    1.957852840423584,
    1.920097827911377,
    2.0751466751098633,
    1.9569758176803589,
    1.9880445003509521,
    1.9267281293869019,
    1.9562023878097534,
    2.003814935684204,
    2.037787914276123,
    1.9122259616851807,
    1.8969272375106812,
    1.9433491230010986,
    1.9032093286514282,
    2.0191032886505127,
    1.9303536415100098,
    1.9071464538574219,
    1.909501314163208,
    1.9401158094406128,
    1.7903454303741455,
    1.8316702842712402,
    1.9444069862365723,
    1.8383102416992188
  ],
  "samples": 391000
}