{
  "loss_log": [
    4.744936943054199,
    4.5192742347717285,
    4.511427879333496,
    4.047330856323242,
    3.7804512977600098,
    4.023996353149414,
    3.943540573120117,
    3.645517349243164,
    3.2909250259399414,
    3.533346176147461,
    3.423800468444824,
    3.2656352519989014,
    3.1523380279541016,
    3.225623607635498,
    3.030243396759033,
    2.931206226348877,
    2.9784352779388428,
    2.92269229888916,
    2.9297804832458496,
    2.9267683029174805,
    2.92655611038208,
    2.901144027709961,
    2.799320697784424,
    2.774007797241211,
    2.7909297943115234,
    2.776463270187378,
    2.800518751144409,
    2.8144571781158447,
    2.7193820476531982,
    2.6145708560943604,
    2.696908473968506,
    2.6224327087402344,
    2.7534689903259277,
    2.632887363433838,
    2.617173671722412,
    2.694418430328369,
    2.603188991546631,
    2.6440699100494385,
    2.5899806022644043,
    2.568042278289795,
    2.5197103023529053,
    2.5551886558532715,
    2.567823648452759,
    2.5680129528045654,
    2.4990339279174805,
    2.5120816230773926,
    2.561713218688965,
    2.503981590270996,
    2.6143643856048584,
    2.5887978076934814,
    2.552170515060425,
    2.5118184089660645,
    2.5038719177246094,
    2.531385660171509,
    2.487244129180908,
    2.4904537200927734,
    2.5774354934692383,
    2.520514965057373,
    2.534571886062622,
    2.520467758178711,
    2.550562620162964,
    2.48063325881958,
    2.5594723224639893,
    2.496485948562622,
    2.4707753658294678,
    2.464625358581543,
    2.503758430480957,
    2.5290746688842773,
    2.4605772495269775,
    2.498159170150757,
    2.507704496383667,
    2.525381088256836,
    2.4901132583618164,
    2.6135737895965576,
    2.5348401069641113,
    2.4527816772460938,
    2.453809976577759,
    2.3946914672851562,
    2.514880657196045
  ],
  "samples": 496000
}