{
  "loss_log": [
    5.67864990234375,
    4.578971862792969,
    4.106616973876953,
    3.9698286056518555,
    4.170956611633301,
    3.7642030715942383,
    3.8024539947509766,
    3.327124834060669,
    3.1718525886535645,
    3.084564208984375,
    2.798482894897461,
    2.7631802558898926,
    2.6255388259887695,
    2.9407567977905273,
    2.4435651302337646,
    2.772491216659546,
    2.5547242164611816,
    2.4524154663085938,
    2.4607903957366943,
    2.519273281097412,
    2.5967254638671875,
    2.345432758331299,
    2.361016273498535,
    2.1863391399383545,
    2.3078012466430664,
    2.4767751693725586,
    2.137362003326416,
    2.173740863800049,
    2.346860408782959,
    2.1860880851745605,
    2.1772427558898926,
    2.1373889446258545,
    2.2614307403564453,
    2.1957898139953613,
    2.031975507736206,
    2.03181791305542,
    2.0547568798065186,
    2.019680976867676,
    1.981313705444336,
    2.0048131942749023,
    1.9687080383300781,
    1.946146011352539,
    1.83695650100708,
    2.0561633110046387,
    1.8973302841186523,
    1.928462028503418,
    1.9765851497650146,
    1.9016069173812866,
    1.978144884109497,
    2.0726420879364014,
    1.9199854135513306,
    1.8877427577972412,
    1.871713638305664,
    1.8414199352264404,
    1.8592041730880737,
    1.8115473985671997,
    1.880868911743164,
    1.788465976715088,
    1.76716947555542,
    1.8517100811004639,
    1.819220781326294,
    1.7930153608322144,
    1.8830242156982422,
    1.7397161722183228,
    1.9596996307373047,
    1.736274242401123,
    1.8405568599700928,
    1.8283014297485352,
    1.7892696857452393,
    1.8126473426818848,
    1.7750827074050903,
    1.759507656097412,
    1.7844209671020508,
    1.8140003681182861,
    1.8613133430480957,
    1.8377569913864136,
    1.795607566833496,
    1.8344132900238037,
    1.7705018520355225
  ],
  "samples": 426000
}