{
  "loss_log": [
    5.32936954498291,
    5.1509222984313965,
    4.987247467041016,
    4.5232439041137695,
    5.1963605880737305,
    4.542916774749756,
    3.5945777893066406,
    3.818415641784668,
    3.473115921020508,
    3.0913519859313965,
    3.3777713775634766,
    3.208247661590576,
    3.0689971446990967,
    3.143693447113037,
    3.2280995845794678,
    3.1501333713531494,
    2.983522653579712,
    2.6860408782958984,
    2.966284990310669,
    2.9019079208374023,
    2.4259276390075684,
    2.7514729499816895,
    2.9438300132751465,
    2.634140968322754,
    2.7225890159606934,
    2.566056251525879,
    2.553338050842285,
    2.5449395179748535,
    2.4098458290100098,
    2.329946994781494,
    2.5036041736602783,
    2.4986791610717773,
    2.4021315574645996,
    2.373361110687256,
    2.303083658218384,
    2.3465449810028076,
    2.1710214614868164,
    2.250119686126709,
    2.3740134239196777,
    2.2796831130981445,
    2.2268319129943848,
    2.304694175720215,
    2.1631858348846436,
    2.343623161315918,
    2.145615577697754,
    2.209160327911377,
    2.049668550491333,
    2.06485652923584,
    2.1709847450256348,
    2.099480152130127,
    2.0815157890319824,
    2.139209270477295,
    2.0670089721679688,
    2.075700044631958,
    2.010442018508911,
    2.0371029376983643,
    2.0505118370056152,
    2.0707955360412598,
    1.9664521217346191,
    2.0973126888275146,
    2.0927205085754395,
    2.0366783142089844,
    1.9795937538146973,
    1.875868558883667,
    1.985053539276123,
    1.928398847579956,
    1.9137697219848633,
    1.8874824047088623,
    1.8839194774627686,
    1.8363033533096313,
    1.8955684900283813,
    2.05794620513916,
    1.920323371887207,
    1.8027392625808716,
    1.8319027423858643,
    1.8758679628372192,
    1.8312222957611084,
    1.87892746925354,
    1.7548940181732178
  ],
  "samples": 386000
}