{
  "loss_log": [
    5.0125322341918945,
    4.778914451599121,
    4.629030227661133,
    4.418531894683838,
    3.5792908668518066,
    3.885969877243042,
    3.416304349899292,
    3.5176429748535156,
    2.838480234146118,
    2.9771480560302734,
    2.737048387527466,
    2.872530460357666,
    3.0459325313568115,
    2.910151720046997,
    2.990065574645996,
    3.017021656036377,
    2.7259202003479004,
    2.687685251235962,
    2.838258743286133,
    2.5876593589782715,
    2.9548075199127197,
    2.6011617183685303,
    2.5524470806121826,
    2.4793388843536377,
    2.458171844482422,
    2.31911301612854,
    2.676082134246826,
    2.5735929012298584,
    2.3962278366088867,
    2.369265556335449,
    2.514147996902466,
    2.442551612854004,
    2.30702543258667,
    2.5215044021606445,
    2.1900534629821777,
    2.1058385372161865,
    2.1881589889526367,
    2.2598886489868164,
    2.267777681350708,
    2.4332878589630127,
    2.2088358402252197,
    2.156435966491699,
    2.287745952606201,
    2.286663770675659,
    2.128976821899414,
    2.011159658432007,
    2.090193748474121,
    2.2390666007995605,
    2.0454797744750977,
    2.1411380767822266,
    2.0754356384277344,
    2.1219277381896973,
    1.9950464963912964,
    2.0567095279693604,
    2.0935678482055664,
    2.0118775367736816,
    1.9354972839355469,
    1.8610551357269287,
    1.8944690227508545,
    1.9308793544769287,
    1.9424631595611572,
    1.9250402450561523,
    1.896895408630371,
    1.9431095123291016,
    2.080454111099243,
    1.9219605922698975,
    1.9595552682876587,
    1.9252384901046753,
    1.8908395767211914,
    1.9730671644210815,
    1.7867834568023682,
    1.8872284889221191,
    1.792573094367981,
    1.8684680461883545,
    1.7974393367767334,
    1.7286839485168457,
    1.8448147773742676,
    1.8903639316558838,
    1.7462701797485352
  ],
  "samples": 416000
}