{
  "loss_log": [
    5.706934452056885,
    5.028987407684326,
    4.543084621429443,
    5.480090141296387,
    5.2911224365234375,
    4.8532514572143555,
    3.941941261291504,
    4.104619979858398,
    4.090940952301025,
    4.104737281799316,
    4.261351585388184,
    3.983293294906616,
    4.333214282989502,
    3.968973398208618,
    3.6295065879821777,
    3.813690185546875,
    3.8653392791748047,
    3.8646464347839355,
    3.831848382949829,
    3.7915170192718506,
    3.717426061630249,
    3.7121007442474365,
    3.6527342796325684,
    3.596806764602661,
    3.530764579772949,
    3.5049781799316406,
    3.5548417568206787,
    3.4651007652282715,
    3.6575236320495605,
    3.307858467102051,
    3.6436500549316406,
    3.558652877807617,
    3.576638698577881,
    3.6654162406921387,
    3.411485433578491,
    3.328848361968994,
    3.350990056991577,
    3.291520118713379,
    3.264608144760132,
    3.24210786819458,
    3.223123550415039,
    3.2237226963043213,
    3.2161145210266113,
    3.2249631881713867,
    3.0528526306152344,
    3.2775871753692627,
    3.264843225479126,
    3.345730781555176,
    3.1460022926330566,
    3.074406147003174,
    3.1254773139953613,
    3.133059501647949,
    3.075078010559082,
    2.9695634841918945,
    2.922978401184082,
    3.1007466316223145,
    3.092374801635742,
    2.9704532623291016,
    2.9869027137756348,
    3.066896915435791,
    2.9896035194396973,
    2.897998571395874,
    2.837510824203491,
    2.9227471351623535,
    2.9491918087005615,
    2.8402833938598633,
    2.861449718475342,
    2.8537707328796387,
    2.8297557830810547,
    2.8222622871398926,
    2.966407537460327,
    2.6990184783935547,
    2.7932229042053223,
    2.733577013015747,
    2.792290687561035,
    2.783195972442627,
    2.7156577110290527,
    2.6466875076293945,
    2.52618408203125
  ],
  "samples": 481000
}