{
  "loss_log": [
    4.474756240844727,
    3.8710594177246094,
    3.6444272994995117,
    3.624764919281006,
    3.147517681121826,
    3.278219699859619,
    3.49489688873291,
    2.9964728355407715,
    3.1140546798706055,
    3.14910888671875,
    2.974666118621826,
    2.9829752445220947,
    2.983570098876953,
    3.0514607429504395,
    2.9360132217407227,
    2.8552398681640625,
    2.808779239654541,
    2.890538215637207,
    2.8388848304748535,
    2.8640217781066895,
    2.9230289459228516,
    2.8356261253356934,
    2.798165798187256,
    2.816040277481079,
    2.6745529174804688,
    2.772059679031372,
    2.750638008117676,
    2.675004482269287,
    2.682938575744629,
    2.7051773071289062,
    2.6801490783691406,
    2.6749227046966553,
    2.677278757095337,
    2.614304542541504,
    2.603999614715576,
    2.718120813369751,
    2.547182083129883,
    2.6084070205688477,
    2.567863941192627,
    2.614086389541626,
    2.54898738861084,
    2.480224132537842,
    2.5529212951660156,
    2.523448944091797,
    2.4761524200439453,
    2.5526442527770996,
    2.5536913871765137,
    2.5677852630615234,
    2.4946141242980957,
    2.574887275695801,
    2.6020750999450684,
    2.4174675941467285,
    2.571460723876953,
    2.514712333679199,
    2.542747735977173,
    2.4923057556152344,
    2.553053379058838,
    2.6125471591949463,
    2.515561103820801,
    2.4346303939819336,
    2.5183699131011963,
    2.535444974899292,
    2.4913382530212402,
    2.484241008758545,
    2.478663444519043,
    2.4585719108581543,
    2.434993028640747,
    2.503096580505371,
    2.435718297958374,
    2.554835557937622,
    2.4557595252990723,
    2.518002510070801,
    2.41851806640625,
    2.4737021923065186,
    2.491697311401367,
    2.428597927093506,
    2.477902889251709,
    2.4583487510681152,
    2.3479995727539062
  ],
  "samples": 516000
}