{
  "loss_log": [
    3.7901902198791504,
    3.8906378746032715,
    3.58811616897583,
    3.5423948764801025,
    3.54001522064209,
    3.3706750869750977,
    3.1208300590515137,
    3.0453338623046875,
    3.0716464519500732,
    2.951756477355957,
    3.0465290546417236,
    2.9449522495269775,
    2.964383602142334,
    2.7818737030029297,
    3.0615062713623047,
    2.8925652503967285,
    2.7609105110168457,
    2.8374834060668945,
    2.9213814735412598,
    2.869723081588745,
    2.743957996368408,
    2.6652417182922363,
    2.7069849967956543,
    2.7749552726745605,
    2.7083401679992676,
    2.6914753913879395,
    2.71981143951416,
    2.7206637859344482,
    2.6946053504943848,
    2.6074466705322266,
    2.549597978591919,
    2.5356037616729736,
    2.5755505561828613,
    2.672212600708008,
    2.5647668838500977,
    2.635427474975586,
    2.5232949256896973,
    2.584136724472046,
    2.555328369140625,
    2.4886953830718994,
    2.623262882232666,
    2.499021053314209,
    2.553584337234497,
    2.552640199661255,
    2.5124449729919434,
    2.498908281326294,
    2.489236831665039,
    2.6082100868225098,
    2.5491809844970703,
    2.568613290786743,
    2.6184654235839844,
    2.5377583503723145,
    2.606849193572998,
    2.4500131607055664,
    2.4935693740844727,
    2.4803810119628906,
    2.4899373054504395,
    2.469269275665283,
    2.50356388092041,
    2.530571460723877,
    2.407330274581909,
    2.4568941593170166,
    2.424128770828247,
    2.436375856399536,
    2.4265480041503906,
    2.4617927074432373,
    2.4323272705078125,
    2.435274600982666,
    2.5630321502685547,
    2.4695796966552734,
    2.4363842010498047,
    2.4703562259674072,
    2.4651451110839844,
    2.4966187477111816,
    2.4835758209228516,
    2.4593148231506348,
    2.46058988571167,
    2.4191973209381104,
    2.460519313812256
  ],
  "samples": 466000
}