{
  "loss_log": [
    2.760821580886841,
    2.8123655319213867,
    2.9400033950805664,
    3.105741262435913,
    3.0761327743530273,
    3.0841164588928223,
    2.94781494140625,
    2.6590402126312256,
    3.119189739227295,
    2.6790618896484375,
    3.2577433586120605,
    3.0080535411834717,
    2.871260166168213,
    2.8013272285461426,
    2.8062500953674316,
    2.749246597290039,
    3.003634452819824,
    3.0144691467285156,
    2.816058397293091,
    2.666170597076416,
    2.9628705978393555,
    2.933593273162842,
    3.0673224925994873,
    3.0633385181427,
    2.900630474090576,
    2.862006425857544,
    2.6823534965515137,
    3.11264967918396,
    2.8201212882995605,
    2.9379663467407227,
    2.843125104904175,
    3.1075687408447266,
    2.8118667602539062,
    3.0081753730773926,
    3.1654911041259766,
    2.834981679916382,
    2.7554357051849365,
    3.165006160736084,
    3.214284896850586,
    3.1446425914764404,
    2.936218738555908,
    2.935699224472046,
    2.7978813648223877,
    2.989701271057129,
    3.0263121128082275,
    2.9442458152770996,
    2.9612011909484863,
    3.0920586585998535,
    2.672224521636963,
    3.018819570541382,
    2.9547336101531982,
    3.0377352237701416,
    3.014216423034668,
    3.152965545654297,
    3.0226168632507324,
    2.9407155513763428,
    2.774153232574463,
    2.85221004486084,
    3.028111457824707,
    2.841942548751831,
    3.060532808303833,
    2.891876697540283,
    2.906405448913574,
    3.020068645477295,
    2.7845897674560547,
    3.0577898025512695,
    2.979942560195923,
    3.364091396331787,
    2.8195958137512207,
    2.8034963607788086,
    2.8330698013305664,
    3.0033349990844727,
    2.793386936187744,
    2.941242218017578,
    3.013443946838379,
    3.124126672744751,
    3.0241641998291016,
    2.8761367797851562,
    3.7283151149749756
  ],
  "samples": 186000
}