{
  "loss_log": [
    2.9012889862060547,
    3.142291307449341,
    2.925753116607666,
    3.1144680976867676,
    3.0481655597686768,
    2.861858606338501,
    2.8311026096343994,
    3.1489593982696533,
    2.7937862873077393,
    3.130035400390625,
    3.1494884490966797,
    2.9908101558685303,
    2.792383909225464,
    3.0646543502807617,
    2.8595504760742188,
    3.085130453109741,
    3.282449722290039,
    2.9369640350341797,
    2.967271566390991,
    3.2428979873657227,
    2.7045624256134033,
    3.045905113220215,
    2.857280731201172,
    2.8807687759399414,
    3.1103286743164062,
    3.3227310180664062,
    2.7232370376586914,
    2.835141658782959,
    2.6375842094421387,
    2.9667181968688965,
    2.963547945022583,
    3.009450912475586,
    3.0283889770507812,
    3.034264087677002,
    3.0031189918518066,
    2.9182443618774414,
    3.3585429191589355,
    3.0912115573883057,
    3.0502655506134033,
    2.858778953552246,
    2.99932599067688,
    2.9958600997924805,
    3.0228347778320312,
    2.939094066619873,
    2.7958803176879883,
    3.248016834259033,
    2.8768692016601562,
    2.9690146446228027,
    3.056734323501587,
    3.0581488609313965,
    2.9344098567962646,
    3.1487765312194824,
    2.920355796813965,
    2.881535768508911,
    2.9459400177001953,
    2.8610987663269043,
    3.0343780517578125,
    2.9841060638427734,
    2.8165416717529297,
    2.927525520324707,
    2.8855671882629395,
    3.1061267852783203,
    2.8627195358276367,
    2.9027152061462402,
    2.6505348682403564,
    2.7683591842651367,
    2.720977306365967,
    3.009439706802368,
    2.706031322479248,
    2.904484510421753,
    2.9320883750915527,
    2.8793554306030273,
    3.019951820373535,
    2.7535159587860107,
    3.041898727416992,
    2.780569076538086,
    2.9508867263793945,
    2.9868741035461426,
    2.230410099029541
  ],
  "samples": 206000
}