{
  "loss_log": [
    2.8539540767669678,
    2.8432557582855225,
    2.869114398956299,
    2.6544137001037598,
    2.7509498596191406,
    3.070868492126465,
    2.9193265438079834,
    3.2031164169311523,
    2.8726935386657715,
    2.7003231048583984,
    2.4840095043182373,
    2.9214022159576416,
    2.6360206604003906,
    3.021303653717041,
    2.8887548446655273,
    2.695798635482788,
    3.047090530395508,
    3.0823216438293457,
    2.895989179611206,
    3.0179481506347656,
    2.9468436241149902,
    2.5915727615356445,
    2.8946375846862793,
    2.863412857055664,
    2.809514045715332,
    2.942415237426758,
    2.9783105850219727,
    3.1756577491760254,
    2.917222499847412,
    2.957082748413086,
    2.84035587310791,
    2.721980333328247,
    3.1870923042297363,
    2.939464569091797,
    2.6823949813842773,
    2.875291585922241,
    3.0587143898010254,
    2.9092845916748047,
    3.01220703125,
    2.9399280548095703,
    2.6564857959747314,
    2.880688190460205,
    2.8255808353424072,
    2.6997005939483643,
    3.102323293685913,
    2.8581767082214355,
    2.8627257347106934,
    2.958095073699951,
    2.7336626052856445,
    2.6699633598327637,
    3.145249366760254,
    2.7135822772979736,
    2.996605396270752,
    2.700103521347046,
    2.9547958374023438,
    2.8167853355407715,
    2.9351999759674072,
    2.861065626144409,
    2.873915195465088,
    2.9887125492095947,
    3.0716896057128906,
    3.003643035888672,
    2.7478604316711426,
    2.9611928462982178,
    3.0674378871917725,
    2.8391122817993164,
    2.8693253993988037,
    2.7612171173095703,
    2.8391590118408203,
    2.8808844089508057,
    2.7450027465820312,
    2.9198837280273438,
    2.9852817058563232,
    2.722275495529175,
    2.844529390335083,
    2.897055149078369,
    2.9033241271972656,
    2.9205336570739746,
    2.9700212478637695
  ],
  "samples": 221000
}