{
  "loss_log": [
    5.354916572570801,
    4.794065475463867,
    4.605083465576172,
    4.966388702392578,
    4.185208320617676,
    3.8489670753479004,
    3.570995807647705,
    3.7830119132995605,
    3.9466214179992676,
    3.613896369934082,
    3.3003616333007812,
    3.414551258087158,
    3.6373863220214844,
    3.521636962890625,
    3.239678382873535,
    3.1642446517944336,
    3.2104616165161133,
    3.3196916580200195,
    3.3972220420837402,
    3.359130382537842,
    3.1110939979553223,
    2.9626951217651367,
    3.1147499084472656,
    3.228403329849243,
    3.2331857681274414,
    3.0479233264923096,
    2.9948983192443848,
    2.9311883449554443,
    2.959815263748169,
    3.0390982627868652,
    3.104426383972168,
    2.989098072052002,
    2.852269172668457,
    2.850677967071533,
    2.919154167175293,
    2.9311439990997314,
    2.9781441688537598,
    2.926642894744873,
    2.7879831790924072,
    2.771113634109497,
    2.6451854705810547,
    2.7881484031677246,
    2.9242806434631348,
    2.702727794647217,
    2.6757006645202637,
    2.7002429962158203,
    2.734039783477783,
    2.7249574661254883,
    2.7009735107421875,
    2.717811107635498,
    2.663320302963257,
    2.5804789066314697,
    2.616163730621338,
    2.6974854469299316,
    2.6743624210357666,
    2.6600708961486816,
    2.6382687091827393,
    2.5938305854797363,
    2.5567641258239746,
    2.6091694831848145,
    2.635554790496826,
    2.620840311050415,
    2.550051212310791,
    2.6090517044067383,
    2.555215358734131,
    2.500169277191162,
    2.555114269256592,
    2.5887997150421143,
    2.5699925422668457,
    2.4515187740325928,
    2.5838959217071533,
    2.5142598152160645,
    2.661141872406006,
    2.5383541584014893,
    2.5562100410461426,
    2.5205001831054688,
    2.5680534839630127,
    2.529245138168335,
    2.5468316078186035
  ],
  "samples": 491000
}