{
  "loss_log": [
    4.176926136016846,
    4.098944187164307,
    3.9867641925811768,
    3.892503261566162,
    3.795797824859619,
    3.6774260997772217,
    3.5739872455596924,
    3.4991097450256348,
    3.4174275398254395,
    3.328364133834839,
    3.2533466815948486,
    3.1740403175354004,
    3.093853235244751,
    3.1132328510284424,
    2.961864948272705,
    2.985178232192993,
    2.9047160148620605,
    2.8688318729400635,
    2.727100372314453,
    2.741654872894287,
    2.757911443710327,
    2.673656940460205,
    2.5875730514526367,
    2.527000665664673,
    2.474092960357666,
    2.5615949630737305,
    2.476731300354004,
    2.3948922157287598,
    2.3934030532836914,
    2.3789968490600586,
    2.4430222511291504,
    2.228271961212158,
    2.342280387878418,
    2.371751308441162,
    2.1845827102661133,
    2.187368154525757,
    2.2083144187927246,
    2.2478275299072266,
    2.1810789108276367,
    2.1056792736053467,
    2.1170315742492676,
    2.132847309112549,
    2.0916740894317627,
    2.019151449203491,
    2.0244336128234863,
    2.0244579315185547,
    2.026303291320801,
    1.995402455329895,
    2.0015995502471924,
    1.9103102684020996,
    1.8930355310440063,
    1.824797511100769,
    1.8653788566589355,
    1.8498618602752686,
    1.8397634029388428,
    1.8029214143753052,
    1.8015289306640625,
    1.778080940246582,
    1.7707494497299194,
    1.7386146783828735,
    1.7375445365905762,
    1.7168546915054321,
    1.6795120239257812,
    1.690743088722229,
    1.667102575302124,
    1.6236493587493896,
    1.6637132167816162,
    1.6513091325759888,
    1.6704508066177368,
    1.6395223140716553,
    1.6339657306671143,
    1.6190664768218994,
    1.6511973142623901,
    1.6581594944000244,
    1.6566588878631592,
    1.6297991275787354,
    1.6161348819732666,
    1.6655097007751465,
    1.6540985107421875
  ],
  "samples": 5000
}