{
  "loss_log": [
    1.6115310192108154,
    1.5849394798278809,
    1.6048779487609863,
    1.5861811637878418,
    1.5806641578674316,
    1.577845811843872,
    1.5736922025680542,
    1.596108078956604,
    1.5384763479232788,
    1.5884101390838623,
    1.6218829154968262,
    1.6002211570739746,
    1.566164255142212,
    1.5912309885025024,
    1.6104544401168823,
    1.5906122922897339,
    1.5850343704223633,
    1.5774173736572266,
    1.5967726707458496,
    1.5989757776260376,
    1.5736122131347656,
    1.5411999225616455,
    1.5828616619110107,
    1.5938752889633179,
    1.5985819101333618,
    1.5702996253967285,
    1.5973458290100098,
    1.6072227954864502,
    1.5872623920440674,
    1.5952411890029907,
    1.6010571718215942,
    1.56429123878479,
    1.6108585596084595,
    1.5699071884155273,
    1.5713071823120117,
    1.6179184913635254,
    1.560222864151001,
    1.5749342441558838,
    1.5729045867919922,
    1.603323221206665,
    1.6102873086929321,
    1.5633962154388428,
    1.6001049280166626,
    1.585750937461853,
    1.5905754566192627,
    1.573188066482544,
    1.5808227062225342,
    1.589473009109497,
    1.599193811416626,
    1.5810537338256836,
    1.5542829036712646,
    1.6017796993255615,
    1.5921815633773804,
    1.550631046295166,
    1.552351474761963,
    1.623125672340393,
    1.5672454833984375,
    1.5968178510665894,
    1.615861177444458,
    1.6008508205413818,
    1.5753798484802246,
    1.6009528636932373,
    1.6040103435516357,
    1.5705499649047852,
    1.555172085762024,
    1.5500457286834717,
    1.5778253078460693,
    1.5831665992736816,
    1.573165774345398,
    1.580829381942749,
    1.5814969539642334,
    1.535030722618103,
    1.5797044038772583,
    1.593815565109253,
    1.5632481575012207,
    1.5852822065353394,
    1.6094304323196411,
    1.5768613815307617,
    1.5948748588562012
  ],
  "samples": 20000
}