{
  "loss_log": [
    2.0090880393981934,
    1.9770996570587158,
    1.944440245628357,
    1.980607271194458,
    1.9553889036178589,
    1.9407927989959717,
    1.97648286819458,
    1.9728909730911255,
    1.9728187322616577,
    1.9580013751983643,
    1.9762306213378906,
    1.945932388305664,
    1.9494431018829346,
    1.9457437992095947,
    1.9734920263290405,
    1.95012366771698,
    1.9421379566192627,
    1.972607970237732,
    1.937945008277893,
    1.9548676013946533,
    1.9445470571517944,
    1.9563970565795898,
    1.9705650806427002,
    1.9311823844909668,
    1.9280941486358643,
    1.9655324220657349,
    1.9426840543746948,
    1.9304931163787842,
    1.9464994668960571,
    1.9450912475585938,
    1.9512364864349365,
    1.9436323642730713,
    1.9507126808166504,
    1.9321296215057373,
    1.937235713005066,
    1.944463849067688,
    1.934131383895874,
    1.9424960613250732,
    1.9958608150482178,
    1.9565093517303467,
    1.9590375423431396,
    1.956760287284851,
    1.9196679592132568,
    1.9378464221954346,
    1.9544705152511597,
    1.9647740125656128,
    1.9628615379333496,
    1.9295017719268799,
    1.9625506401062012,
    1.9322128295898438,
    1.9543383121490479,
    1.917558193206787,
    1.9388811588287354,
    1.9382038116455078,
    1.9768321514129639,
    1.942352056503296,
    1.9134361743927002,
    1.9585493803024292,
    1.9433844089508057,
    1.9667577743530273,
    1.9443755149841309,
    1.9413950443267822,
    1.956917643547058,
    1.9602680206298828,
    1.939286470413208,
    1.9491760730743408,
    1.9233477115631104,
    1.9101953506469727,
    1.929710030555725,
    1.9794881343841553,
    1.9500164985656738,
    1.9283394813537598,
    1.9423848390579224,
    1.9112091064453125,
    1.9573123455047607,
    1.947028636932373,
    1.9483081102371216,
    1.937434196472168,
    1.9041123390197754
  ],
  "samples": 35000
}