{
  "loss_log": [
    2.143256664276123,
    2.1179606914520264,
    2.08536434173584,
    2.0528197288513184,
    2.069808006286621,
    2.0691299438476562,
    2.072594165802002,
    2.118818759918213,
    2.1074280738830566,
    2.0434508323669434,
    2.0532877445220947,
    2.093858242034912,
    2.0500311851501465,
    2.012247323989868,
    2.054218292236328,
    2.0875062942504883,
    2.0589563846588135,
    2.040222406387329,
    2.03957462310791,
    2.093242645263672,
    2.061232089996338,
    2.0398664474487305,
    2.061537742614746,
    2.058112144470215,
    2.0605907440185547,
    2.0444860458374023,
    2.0604910850524902,
    2.049708604812622,
    2.075681686401367,
    2.0650627613067627,
    2.0544846057891846,
    2.0733375549316406,
    2.058152437210083,
    2.065573215484619,
    2.0647897720336914,
    2.067868709564209,
    2.0934417247772217,
    2.0836405754089355,
    2.0700511932373047,
    2.0471980571746826,
    2.0354881286621094,
    2.050994873046875,
    2.0700435638427734,
    2.092804431915283,
    2.056544303894043,
    2.0193064212799072,
    2.0590014457702637,
    2.077571153640747,
    2.078474283218384,
    2.060553550720215,
    2.0470705032348633,
    2.0532033443450928,
    2.0455710887908936,
    2.0430309772491455,
    2.0683233737945557,
    2.0233242511749268,
    2.0665674209594727,
    2.03364896774292,
    2.0828018188476562,
    2.055117607116699,
    2.0599093437194824,
    2.0656795501708984,
    2.0127933025360107,
    2.02431058883667,
    2.0581462383270264,
    2.035649538040161,
    2.054809808731079,
    2.0393457412719727,
    2.041670083999634,
    2.0987601280212402,
    2.022589683532715,
    2.0147061347961426,
    2.0185983180999756,
    2.0250704288482666,
    2.0440664291381836,
    2.0473921298980713,
    2.0265865325927734,
    2.05151629447937,
    2.0415096282958984
  ],
  "samples": 40000
}