{
  "loss_log": [
    2.359480619430542,
    2.44396710395813,
    2.6222012042999268,
    2.41933536529541,
    2.4196574687957764,
    2.4313149452209473,
    2.4260334968566895,
    2.406287670135498,
    2.3991613388061523,
    2.3686578273773193,
    2.426429033279419,
    2.4424829483032227,
    2.4491536617279053,
    2.4436192512512207,
    2.4039528369903564,
    2.3978257179260254,
    2.467003345489502,
    2.452090263366699,
    2.3781795501708984,
    2.36151123046875,
    2.369788646697998,
    2.39921236038208,
    2.4010565280914307,
    2.4433231353759766,
    2.5446627140045166,
    2.446742534637451,
    2.3280041217803955,
    2.4474635124206543,
    2.514805316925049,
    2.378690242767334,
    2.466611623764038,
    2.3853237628936768,
    2.4167346954345703,
    2.4636619091033936,
    2.4012227058410645,
    2.4428701400756836,
    2.470644950866699,
    2.38631534576416,
    2.3925492763519287,
    2.4104204177856445,
    2.3600621223449707,
    2.4277167320251465,
    2.4290971755981445,
    2.4361047744750977,
    2.470337152481079,
    2.438405990600586,
    2.402402639389038,
    2.431140422821045,
    2.4675214290618896,
    2.444546937942505,
    2.405315399169922,
    2.442223072052002,
    2.464928150177002,
    2.3739471435546875,
    2.4285809993743896,
    2.451216220855713,
    2.4211325645446777,
    2.4585039615631104,
    2.4058213233947754,
    2.468146800994873,
    2.4770567417144775,
    2.3887956142425537,
    2.4232563972473145,
    2.4686789512634277,
    2.4829516410827637,
    2.3880105018615723,
    2.43684720993042,
    2.430006265640259,
    2.475182056427002,
    2.3665404319763184,
    2.435020923614502,
    2.4001927375793457,
    2.3869593143463135,
    2.457418918609619,
    2.401412010192871,
    2.446274757385254,
    2.4543144702911377,
    2.40494966506958,
    2.386950731277466
  ],
  "samples": 60000
}