{
  "loss_log": [
    2.2722725868225098,
    2.196357250213623,
    2.1794519424438477,
    2.164091110229492,
    2.1872920989990234,
    2.1922497749328613,
    2.190288543701172,
    2.2078561782836914,
    2.20719051361084,
    2.1797778606414795,
    2.2064619064331055,
    2.184419631958008,
    2.1960501670837402,
    2.1814212799072266,
    2.1978259086608887,
    2.1686794757843018,
    2.18210768699646,
    2.1499710083007812,
    2.2267088890075684,
    2.154507637023926,
    2.167484998703003,
    2.1543149948120117,
    2.1858949661254883,
    2.1989479064941406,
    2.1476573944091797,
    2.174135684967041,
    2.176438808441162,
    2.1515579223632812,
    2.1489195823669434,
    2.1453757286071777,
    2.1753106117248535,
    2.1661972999572754,
    2.194732189178467,
    2.177527904510498,
    2.1887917518615723,
    2.1631031036376953,
    2.187203884124756,
    2.186863422393799,
    2.171978235244751,
    2.2065072059631348,
    2.1410703659057617,
    2.179952621459961,
    2.1900086402893066,
    2.185375213623047,
    2.207449436187744,
    2.1296916007995605,
    2.213301658630371,
    2.2333481311798096,
    2.168128490447998,
    2.203031301498413,
    2.17653489112854,
    2.1629323959350586,
    2.179569959640503,
    2.1787164211273193,
    2.1575396060943604,
    2.1122069358825684,
    2.1612868309020996,
    2.1652159690856934,
    2.2118427753448486,
    2.1761069297790527,
    2.18131160736084,
    2.163161277770996,
    2.1542935371398926,
    2.1544346809387207,
    2.1689672470092773,
    2.123631715774536,
    2.186142921447754,
    2.1796152591705322,
    2.18210768699646,
    2.1994881629943848,
    2.1856110095977783,
    2.1756813526153564,
    2.142904758453369,
    2.1577868461608887,
    2.158663034439087,
    2.1643903255462646,
    2.194293260574341,
    2.14851713180542,
    2.1287484169006348
  ],
  "samples": 45000
}