{
  "loss_log": [
    1.589878797531128,
    1.615278720855713,
    1.574507713317871,
    1.5936155319213867,
    1.578774094581604,
    1.5970889329910278,
    1.6132557392120361,
    1.5840175151824951,
    1.598732352256775,
    1.5564513206481934,
    1.5618791580200195,
    1.628516674041748,
    1.5706382989883423,
    1.6292518377304077,
    1.58511221408844,
    1.6038713455200195,
    1.5432361364364624,
    1.5648157596588135,
    1.6010092496871948,
    1.5898962020874023,
    1.5880000591278076,
    1.6161999702453613,
    1.6338191032409668,
    1.5958795547485352,
    1.559126853942871,
    1.5891273021697998,
    1.589540719985962,
    1.594928503036499,
    1.6346898078918457,
    1.5893065929412842,
    1.6004621982574463,
    1.5714006423950195,
    1.5629127025604248,
    1.5815573930740356,
    1.6426644325256348,
    1.5751209259033203,
    1.6003382205963135,
    1.568657636642456,
    1.6155798435211182,
    1.6006734371185303,
    1.5692083835601807,
    1.616104006767273,
    1.6133761405944824,
    1.5926322937011719,
    1.5965561866760254,
    1.5738089084625244,
    1.5543067455291748,
    1.5470209121704102,
    1.5888766050338745,
    1.6082768440246582,
    1.584265112876892,
    1.6008518934249878,
    1.6078609228134155,
    1.5900802612304688,
    1.5763765573501587,
    1.5736596584320068,
    1.6319565773010254,
    1.5903935432434082,
    1.5809288024902344,
    1.5705045461654663,
    1.6009364128112793,
    1.5846610069274902,
    1.589901328086853,
    1.6032062768936157,
    1.5819002389907837,
    1.6102374792099,
    1.5909720659255981,
    1.6385809183120728,
    1.560360312461853,
    1.5964819192886353,
    1.5906484127044678,
    1.603485107421875,
    1.5712034702301025,
    1.5744140148162842,
    1.5959703922271729,
    1.5594967603683472,
    1.602586269378662,
    1.5930025577545166,
    1.4785312414169312
  ],
  "samples": 25000
}