{
  "loss_log": [
    2.371133804321289,
    2.3748116493225098,
    2.261925220489502,
    2.2285799980163574,
    2.274592399597168,
    2.270800828933716,
    2.266772508621216,
    2.246821880340576,
    2.276884078979492,
    2.247870445251465,
    2.236264705657959,
    2.251809597015381,
    2.2627310752868652,
    2.244995594024658,
    2.294886589050293,
    2.244727611541748,
    2.233591318130493,
    2.300601005554199,
    2.181550979614258,
    2.2518248558044434,
    2.21146297454834,
    2.248723030090332,
    2.262065887451172,
    2.2825748920440674,
    2.2338104248046875,
    2.204702377319336,
    2.2064480781555176,
    2.2798290252685547,
    2.2160253524780273,
    2.212670087814331,
    2.301637649536133,
    2.2521719932556152,
    2.2182798385620117,
    2.199860095977783,
    2.246271848678589,
    2.2081401348114014,
    2.2855091094970703,
    2.265761613845825,
    2.2726333141326904,
    2.2746031284332275,
    2.2299485206604004,
    2.2214081287384033,
    2.2844061851501465,
    2.3290438652038574,
    2.246642589569092,
    2.206972122192383,
    2.274761438369751,
    2.240438222885132,
    2.2922513484954834,
    2.254852294921875,
    2.2640888690948486,
    2.2383437156677246,
    2.215190887451172,
    2.2335076332092285,
    2.2336926460266113,
    2.2558040618896484,
    2.229207754135132,
    2.290018081665039,
    2.245476484298706,
    2.2938992977142334,
    2.217989921569824,
    2.197044610977173,
    2.2340292930603027,
    2.2627906799316406,
    2.240288257598877,
    2.2563300132751465,
    2.207181453704834,
    2.2436819076538086,
    2.2778730392456055,
    2.201333999633789,
    2.2486934661865234,
    2.258941173553467,
    2.2158803939819336,
    2.170060157775879,
    2.248955726623535,
    2.2724363803863525,
    2.2570486068725586,
    2.2644197940826416,
    2.248565673828125
  ],
  "samples": 50000
}