{
  "loss_log": [
    1.6345117092132568,
    1.6055546998977661,
    1.5868775844573975,
    1.590580701828003,
    1.606000304222107,
    1.5890434980392456,
    1.5934107303619385,
    1.597578763961792,
    1.6152249574661255,
    1.6059401035308838,
    1.5808601379394531,
    1.6231306791305542,
    1.6184128522872925,
    1.6273882389068604,
    1.6044063568115234,
    1.5861456394195557,
    1.5770001411437988,
    1.5978249311447144,
    1.6043734550476074,
    1.582927942276001,
    1.6061304807662964,
    1.6033151149749756,
    1.6114394664764404,
    1.602656602859497,
    1.5939240455627441,
    1.6415868997573853,
    1.5870403051376343,
    1.5724542140960693,
    1.598200798034668,
    1.6236333847045898,
    1.5891025066375732,
    1.6177990436553955,
    1.5750353336334229,
    1.571903944015503,
    1.583019495010376,
    1.558730125427246,
    1.6012521982192993,
    1.5995359420776367,
    1.5811271667480469,
    1.590789556503296,
    1.5955839157104492,
    1.6009249687194824,
    1.5677436590194702,
    1.6089643239974976,
    1.5931532382965088,
    1.6487300395965576,
    1.6010926961898804,
    1.5868799686431885,
    1.6134055852890015,
    1.595574975013733,
    1.6127345561981201,
    1.5589615106582642,
    1.6286349296569824,
    1.5949949026107788,
    1.5996452569961548,
    1.631702184677124,
    1.5719594955444336,
    1.5947511196136475,
    1.5887110233306885,
    1.5861389636993408,
    1.5908645391464233,
    1.6624619960784912,
    1.609950304031372,
    1.5691947937011719,
    1.5941898822784424,
    1.605972409248352,
    1.5986671447753906,
    1.5645763874053955,
    1.5759499073028564,
    1.606337070465088,
    1.6359138488769531,
    1.5846861600875854,
    1.592249870300293,
    1.5709747076034546,
    1.634871244430542,
    1.568955659866333,
    1.5700359344482422,
    1.5834672451019287,
    1.5367465019226074
  ],
  "samples": 10000
}