{
  "loss_log": [
    1.8342156410217285,
    1.9141916036605835,
    1.8325238227844238,
    1.8611187934875488,
    1.8394163846969604,
    1.8402329683303833,
    1.8374948501586914,
    1.8399884700775146,
    1.842794418334961,
    1.8062634468078613,
    1.8266222476959229,
    1.8198838233947754,
    1.8105218410491943,
    1.835170865058899,
    1.8106238842010498,
    1.8146467208862305,
    1.8367282152175903,
    1.8147399425506592,
    1.8121733665466309,
    1.8123362064361572,
    1.7876352071762085,
    1.805204153060913,
    1.8257936239242554,
    1.8079109191894531,
    1.8190394639968872,
    1.7780559062957764,
    1.8003582954406738,
    1.805504322052002,
    1.7875574827194214,
    1.7618567943572998,
    1.804612159729004,
    1.808262825012207,
    1.787214994430542,
    1.788578987121582,
    1.7918758392333984,
    1.7786153554916382,
    1.7496185302734375,
    1.7902462482452393,
    1.830820083618164,
    1.8460664749145508,
    1.813432216644287,
    1.7762812376022339,
    1.7874975204467773,
    1.8009507656097412,
    1.8442189693450928,
    1.7691797018051147,
    1.8040571212768555,
    1.7708284854888916,
    1.7976429462432861,
    1.8044207096099854,
    1.7731645107269287,
    1.843614101409912,
    1.7951209545135498,
    1.8065218925476074,
    1.7704989910125732,
    1.820809245109558,
    1.8039522171020508,
    1.8046627044677734,
    1.8042563199996948,
    1.8106505870819092,
    1.7872703075408936,
    1.8180699348449707,
    1.8043532371520996,
    1.7577154636383057,
    1.7831954956054688,
    1.808681607246399,
    1.8436142206192017,
    1.8466475009918213,
    1.7995941638946533,
    1.7934800386428833,
    1.8072370290756226,
    1.79013991355896,
    1.7943665981292725,
    1.8231573104858398,
    1.8189973831176758,
    1.7950654029846191,
    1.8087345361709595,
    1.8259990215301514,
    1.824783205986023
  ],
  "samples": 30000
}