{
  "loss_log": [
    2.3766767978668213,
    2.435650110244751,
    2.458096981048584,
    2.336855888366699,
    2.4133858680725098,
    2.3635764122009277,
    2.3381075859069824,
    2.3533616065979004,
    2.373448371887207,
    2.339934825897217,
    2.329240322113037,
    2.4092540740966797,
    2.3951950073242188,
    2.325234889984131,
    2.3659703731536865,
    2.338350772857666,
    2.3231770992279053,
    2.3425865173339844,
    2.346747398376465,
    2.3972411155700684,
    2.370509386062622,
    2.3253865242004395,
    2.348583221435547,
    2.276566505432129,
    2.318704605102539,
    2.3400487899780273,
    2.3241448402404785,
    2.3482983112335205,
    2.368291139602661,
    2.3426806926727295,
    2.282904624938965,
    2.287569522857666,
    2.41113543510437,
    2.419971466064453,
    2.2836050987243652,
    2.3135194778442383,
    2.3769338130950928,
    2.2810518741607666,
    2.3757882118225098,
    2.3606770038604736,
    2.285362958908081,
    2.3408708572387695,
    2.3397600650787354,
    2.304957866668701,
    2.359288454055786,
    2.3020074367523193,
    2.345299243927002,
    2.3912100791931152,
    2.3185887336730957,
    2.299990177154541,
    2.3403232097625732,
    2.3055458068847656,
    2.3547959327697754,
    2.32450270652771,
    2.3752622604370117,
    2.3901658058166504,
    2.321000576019287,
    2.408067226409912,
    2.3502790927886963,
    2.3607492446899414,
    2.329864025115967,
    2.332521915435791,
    2.348543643951416,
    2.325554370880127,
    2.3399429321289062,
    2.3531384468078613,
    2.3284707069396973,
    2.362544059753418,
    2.3857197761535645,
    2.3065719604492188,
    2.3923072814941406,
    2.283337116241455,
    2.266484498977661,
    2.357898473739624,
    2.381237268447876,
    2.3229193687438965,
    2.324408769607544,
    2.2802720069885254,
    2.4046223163604736
  ],
  "samples": 55000
}