{
  "loss_log": [
    1.5999884605407715,
    1.589158296585083,
    1.570845127105713,
    1.5757200717926025,
    1.6089305877685547,
    1.5943992137908936,
    1.5755876302719116,
    1.5760289430618286,
    1.56598961353302,
    1.5958847999572754,
    1.5933409929275513,
    1.5919604301452637,
    1.573799967765808,
    1.5820276737213135,
    1.58146071434021,
    1.579943299293518,
    1.5898511409759521,
    1.601499080657959,
    1.595776081085205,
    1.5964628458023071,
    1.5798685550689697,
    1.6203163862228394,
    1.6007590293884277,
    1.5983988046646118,
    1.5749197006225586,
    1.5717620849609375,
    1.6045464277267456,
    1.6143646240234375,
    1.5794079303741455,
    1.6119105815887451,
    1.5880202054977417,
    1.6072299480438232,
    1.593674659729004,
    1.633463740348816,
    1.615022897720337,
    1.6213384866714478,
    1.5848007202148438,
    1.5823523998260498,
    1.5926470756530762,
    1.5876555442810059,
    1.5783205032348633,
    1.556942343711853,
    1.5792317390441895,
    1.572248935699463,
    1.5889729261398315,
    1.6020888090133667,
    1.5830520391464233,
    1.5837738513946533,
    1.5641367435455322,
    1.5971317291259766,
    1.5809810161590576,
    1.607706069946289,
    1.5900280475616455,
    1.5530083179473877,
    1.5593948364257812,
    1.6160800457000732,
    1.5601966381072998,
    1.5619769096374512,
    1.6071679592132568,
    1.588385820388794,
    1.5760427713394165,
    1.5770399570465088,
    1.6034340858459473,
    1.6080396175384521,
    1.5912859439849854,
    1.55859375,
    1.5777039527893066,
    1.5641186237335205,
    1.5902855396270752,
    1.5576374530792236,
    1.5760924816131592,
    1.6184723377227783,
    1.5792863368988037,
    1.6109763383865356,
    1.5764602422714233,
    1.586817741394043,
    1.5870760679244995,
    1.59014093875885,
    1.5390933752059937
  ],
  "samples": 15000
}