{
  "loss_log": [
    2.0052363872528076,
    2.0243020057678223,
    2.1231932640075684,
    2.114980697631836,
    2.081421136856079,
    2.056403160095215,
    2.0392873287200928,
    1.9700804948806763,
    1.9857442378997803,
    2.0186827182769775,
    2.0218124389648438,
    2.0097854137420654,
    2.068643569946289,
    1.975886583328247,
    2.0901737213134766,
    2.0104470252990723,
    2.0031239986419678,
    1.9748592376708984,
    2.036268472671509,
    1.9752707481384277,
    1.9891011714935303,
    2.010904312133789,
    1.9904038906097412,
    2.0178935527801514,
    2.006256103515625,
    1.9936678409576416,
    1.964357614517212,
    1.9542155265808105,
    1.9918138980865479,
    2.011427879333496,
    1.9749858379364014,
    2.011087656021118,
    1.9431331157684326,
    1.984419345855713,
    2.0033836364746094,
    2.0061724185943604,
    1.961421012878418,
    1.9707353115081787,
    1.9870179891586304,
    1.9564378261566162,
    1.966638445854187,
    1.9705686569213867,
    1.938671350479126,
    1.9778852462768555,
    1.9744222164154053,
    1.9905674457550049,
    1.9532054662704468,
    1.9647331237792969,
    1.9618442058563232,
    1.940126657485962,
    1.995959997177124,
    2.003293037414551,
    1.9374881982803345,
    1.9571453332901,
    1.9844602346420288,
    2.008527994155884,
    1.9595189094543457,
    1.928667426109314,
    1.9826929569244385,
    1.9726794958114624,
    1.9437624216079712,
    1.9759435653686523,
    1.9659180641174316,
    2.0228114128112793,
    1.9870707988739014,
    1.9449315071105957,
    1.9485957622528076,
    2.0320026874542236,
    1.9432275295257568,
    1.9935824871063232,
    2.0000405311584473,
    1.970880150794983,
    1.9657764434814453,
    1.9664413928985596,
    1.9814417362213135,
    1.959188461303711,
    1.974718451499939,
    1.9576747417449951,
    1.9577274322509766
  ],
  "samples": 45000
}