{
  "loss_log": [
    1.8625586032867432,
    1.7745704650878906,
    1.8145655393600464,
    1.7807108163833618,
    1.815734624862671,
    1.7848190069198608,
    1.8064227104187012,
    1.8324627876281738,
    1.8497895002365112,
    1.7655720710754395,
    1.7441940307617188,
    1.7782049179077148,
    1.7167340517044067,
    1.7715206146240234,
    1.7272021770477295,
    1.7747466564178467,
    1.787875771522522,
    1.7808549404144287,
    1.800898551940918,
    1.7523303031921387,
    1.797633171081543,
    1.7358306646347046,
    1.7408084869384766,
    1.7581919431686401,
    1.7335989475250244,
    1.730003833770752,
    1.7212142944335938,
    1.7211711406707764,
    1.769822597503662,
    1.6825897693634033,
    1.730539321899414,
    1.7147438526153564,
    1.729404091835022,
    1.7335870265960693,
    1.7013742923736572,
    1.7142813205718994,
    1.7607277631759644,
    1.6898431777954102,
    1.7598071098327637,
    1.6992263793945312,
    1.7498116493225098,
    1.7195444107055664,
    1.6767700910568237,
    1.736412525177002,
    1.679091215133667,
    1.6612138748168945,
    1.7153923511505127,
    1.6777031421661377,
    1.714555263519287,
    1.7068841457366943,
    1.6955022811889648,
    1.6752643585205078,
    1.674028754234314,
    1.6910884380340576,
    1.6753814220428467,
    1.676112413406372,
    1.662945032119751,
    1.6472066640853882,
    1.750300407409668,
    1.6868683099746704,
    1.6979292631149292,
    1.663891077041626,
    1.654125690460205,
    1.666274905204773,
    1.65846586227417,
    1.654128909111023,
    1.6546063423156738,
    1.683315396308899,
    1.6523633003234863,
    1.6795654296875,
    1.6427116394042969,
    1.677160620689392,
    1.6763254404067993,
    1.6797938346862793,
    1.6938536167144775,
    1.692903757095337,
    1.656430721282959,
    1.6470723152160645,
    1.6411781311035156
  ],
  "samples": 15000
}