{
  "loss_log": [
    1.6503559350967407,
    1.611222267150879,
    1.648285150527954,
    1.6365501880645752,
    1.6537084579467773,
    1.6466455459594727,
    1.6031534671783447,
    1.6658518314361572,
    1.6503736972808838,
    1.6407318115234375,
    1.6372027397155762,
    1.6191922426223755,
    1.5659961700439453,
    1.6280364990234375,
    1.6362347602844238,
    1.585582971572876,
    1.6162636280059814,
    1.6418867111206055,
    1.5862865447998047,
    1.6338059902191162,
    1.613884687423706,
    1.6484416723251343,
    1.6335073709487915,
    1.6177186965942383,
    1.6200144290924072,
    1.6482703685760498,
    1.6047253608703613,
    1.6307673454284668,
    1.6309573650360107,
    1.6624648571014404,
    1.617104411125183,
    1.6577975749969482,
    1.6145877838134766,
    1.618304967880249,
    1.590682029724121,
    1.6141352653503418,
    1.6500484943389893,
    1.6067848205566406,
    1.5980401039123535,
    1.6189570426940918,
    1.6421751976013184,
    1.64811110496521,
    1.6300363540649414,
    1.6120436191558838,
    1.63441801071167,
    1.6380870342254639,
    1.655660629272461,
    1.6392474174499512,
    1.642833948135376,
    1.6190510988235474,
    1.6212239265441895,
    1.634617567062378,
    1.6075408458709717,
    1.6179125308990479,
    1.6274230480194092,
    1.6325260400772095,
    1.5993708372116089,
    1.6472811698913574,
    1.6276192665100098,
    1.6349848508834839,
    1.5957202911376953,
    1.6256855726242065,
    1.6104238033294678,
    1.614027500152588,
    1.6169893741607666,
    1.6597448587417603,
    1.659611463546753,
    1.585247278213501,
    1.600490927696228,
    1.6223647594451904,
    1.62003755569458,
    1.6130012273788452,
    1.6075246334075928,
    1.595076084136963,
    1.6351988315582275,
    1.6092987060546875,
    1.5432608127593994,
    1.6231825351715088,
    1.6974546909332275
  ],
  "samples": 25000
}