{
  "loss_log": [
    4.184790134429932,
    4.1637678146362305,
    4.144798278808594,
    4.136422157287598,
    4.121444225311279,
    4.117828369140625,
    4.105813980102539,
    4.096977710723877,
    4.088843822479248,
    4.085076332092285,
    4.068642616271973,
    4.061468124389648,
    4.050073146820068,
    4.039879322052002,
    4.029007911682129,
    4.02128791809082,
    4.010001182556152,
    4.000278949737549,
    3.9865026473999023,
    3.975656032562256,
    3.9671969413757324,
    3.9536967277526855,
    3.9441239833831787,
    3.9309592247009277,
    3.9204206466674805,
    3.9088897705078125,
    3.8978638648986816,
    3.886484146118164,
    3.872170925140381,
    3.864072322845459,
    3.848963499069214,
    3.8347058296203613,
    3.823302745819092,
    3.809116840362549,
    3.801236629486084,
    3.783628463745117,
    3.7648656368255615,
    3.7490549087524414,
    3.7430529594421387,
    3.724315643310547,
    3.7041544914245605,
    3.692876100540161,
    3.6739261150360107,
    3.660332441329956,
    3.6443824768066406,
    3.62498140335083,
    3.6065659523010254,
    3.594116687774658,
    3.5756373405456543,
    3.555849552154541,
    3.5357396602630615,
    3.5162315368652344,
    3.500591993331909,
    3.486351490020752,
    3.457977771759033,
    3.4383654594421387,
    3.4276130199432373,
    3.400141716003418,
    3.390653133392334,
    3.359668254852295,
    3.356494903564453,
    3.3270769119262695,
    3.308169364929199,
    3.282799243927002,
    3.2564220428466797,
    3.2502832412719727,
    3.205498218536377,
    3.196214199066162,
    3.1689603328704834,
    3.161314010620117,
    3.1421122550964355,
    3.115063190460205,
    3.0869553089141846,
    3.0644078254699707,
    3.039107322692871,
    3.0231714248657227,
    2.986837148666382,
    2.979870557785034,
    2.9507548809051514
  ],
  "samples": 5000
}