{
  "loss_log": [
    1.9169820547103882,
    1.931617021560669,
    1.860929012298584,
    1.8999135494232178,
    1.8638482093811035,
    1.9079731702804565,
    1.8626837730407715,
    1.8497365713119507,
    1.8622055053710938,
    1.8635931015014648,
    1.8375191688537598,
    1.8408868312835693,
    1.823512315750122,
    1.827750325202942,
    1.834599256515503,
    1.8068575859069824,
    1.8283363580703735,
    1.821041464805603,
    1.8585362434387207,
    1.8494176864624023,
    1.818251371383667,
    1.8249188661575317,
    1.8168768882751465,
    1.8444769382476807,
    1.8103755712509155,
    1.7972252368927002,
    1.80361008644104,
    1.7982842922210693,
    1.7835164070129395,
    1.8183716535568237,
    1.8148174285888672,
    1.7962470054626465,
    1.8092763423919678,
    1.847840666770935,
    1.8412988185882568,
    1.844581961631775,
    1.7915968894958496,
    1.8008897304534912,
    1.8051421642303467,
    1.85170578956604,
    1.8062456846237183,
    1.8382034301757812,
    1.7952325344085693,
    1.8237924575805664,
    1.7933838367462158,
    1.8133878707885742,
    1.8274264335632324,
    1.845632553100586,
    1.835517168045044,
    1.8440238237380981,
    1.8231216669082642,
    1.7913291454315186,
    1.7943649291992188,
    1.80574369430542,
    1.7954134941101074,
    1.8314931392669678,
    1.8043034076690674,
    1.830775260925293,
    1.8195090293884277,
    1.8135954141616821,
    1.8051888942718506,
    1.7917325496673584,
    1.826081395149231,
    1.7832566499710083,
    1.8400847911834717,
    1.8401854038238525,
    1.7941617965698242,
    1.8125669956207275,
    1.8270941972732544,
    1.802946925163269,
    1.8436574935913086,
    1.8348603248596191,
    1.829906702041626,
    1.7790876626968384,
    1.851792335510254,
    1.8244736194610596,
    1.7899234294891357,
    1.7958929538726807,
    1.9343113899230957
  ],
  "samples": 40000
}