{
  "loss_log": [
    1.6380332708358765,
    1.6515164375305176,
    1.642798900604248,
    1.6354126930236816,
    1.6254023313522339,
    1.617999792098999,
    1.6419059038162231,
    1.670248031616211,
    1.6376359462738037,
    1.6566684246063232,
    1.6393908262252808,
    1.6243886947631836,
    1.656947374343872,
    1.637931227684021,
    1.6288632154464722,
    1.6345640420913696,
    1.615236520767212,
    1.597891092300415,
    1.6142520904541016,
    1.6388049125671387,
    1.6340930461883545,
    1.6083179712295532,
    1.645888090133667,
    1.6390738487243652,
    1.6343750953674316,
    1.6466082334518433,
    1.6419283151626587,
    1.6076396703720093,
    1.6324360370635986,
    1.6256611347198486,
    1.6169623136520386,
    1.6728476285934448,
    1.618065595626831,
    1.620266318321228,
    1.6423275470733643,
    1.647834062576294,
    1.6557294130325317,
    1.618062973022461,
    1.6463181972503662,
    1.672043800354004,
    1.624335527420044,
    1.643002986907959,
    1.6659883260726929,
    1.5881836414337158,
    1.6163069009780884,
    1.6254315376281738,
    1.6551132202148438,
    1.600628137588501,
    1.6044034957885742,
    1.6416422128677368,
    1.645412802696228,
    1.5945873260498047,
    1.597693920135498,
    1.6149563789367676,
    1.661952257156372,
    1.616544246673584,
    1.616188406944275,
    1.6612054109573364,
    1.6155116558074951,
    1.605118989944458,
    1.6163625717163086,
    1.641872525215149,
    1.5941206216812134,
    1.643822431564331,
    1.6249911785125732,
    1.6570100784301758,
    1.5677917003631592,
    1.6050314903259277,
    1.6319867372512817,
    1.608517050743103,
    1.5844089984893799,
    1.64133620262146,
    1.6511523723602295,
    1.6169397830963135,
    1.625014305114746,
    1.6699857711791992,
    1.6121137142181396,
    1.6726845502853394,
    1.5761418342590332
  ],
  "samples": 20000
}