{
  "loss_log": [
    2.948334217071533,
    2.8985352516174316,
    2.892875909805298,
    2.865783214569092,
    2.83640193939209,
    2.8211209774017334,
    2.7975831031799316,
    2.75522518157959,
    2.7602601051330566,
    2.7214794158935547,
    2.6823296546936035,
    2.704026222229004,
    2.660478115081787,
    2.6506128311157227,
    2.611856460571289,
    2.610994577407837,
    2.550755023956299,
    2.5217418670654297,
    2.542513847351074,
    2.514688014984131,
    2.489340305328369,
    2.472869396209717,
    2.4703409671783447,
    2.4497947692871094,
    2.427431583404541,
    2.4119975566864014,
    2.368285655975342,
    2.3550026416778564,
    2.3735389709472656,
    2.316565752029419,
    2.3133487701416016,
    2.2840771675109863,
    2.2929701805114746,
    2.2535059452056885,
    2.2321200370788574,
    2.221491813659668,
    2.209191083908081,
    2.190598964691162,
    2.17431902885437,
    2.1828107833862305,
    2.135071277618408,
    2.1109025478363037,
    2.14066743850708,
    2.1459414958953857,
    2.083913803100586,
    2.067509174346924,
    2.066039562225342,
    2.0260114669799805,
    2.0436007976531982,
    2.0085208415985107,
    2.0173659324645996,
    2.016740083694458,
    1.9860484600067139,
    2.000969886779785,
    1.997652292251587,
    2.001070976257324,
    1.9475593566894531,
    2.0031375885009766,
    1.9667174816131592,
    1.9236557483673096,
    1.9350190162658691,
    1.9095150232315063,
    1.9107692241668701,
    1.8923308849334717,
    1.9299753904342651,
    1.9051376581192017,
    1.9461393356323242,
    1.8988986015319824,
    1.9178521633148193,
    1.9004154205322266,
    1.8513245582580566,
    1.818373680114746,
    1.8170990943908691,
    1.8739888668060303,
    1.8205366134643555,
    1.8824632167816162,
    1.7710115909576416,
    1.8289191722869873,
    1.9175987243652344
  ],
  "samples": 10000
}