{
  "loss_log": [
    2.192809820175171,
    2.1126739978790283,
    2.140552043914795,
    2.1107378005981445,
    2.0600790977478027,
    2.1427478790283203,
    2.06172251701355,
    2.1128005981445312,
    2.075937032699585,
    2.0911595821380615,
    2.1380209922790527,
    2.1031975746154785,
    2.0760445594787598,
    2.084831714630127,
    2.1096644401550293,
    2.1006531715393066,
    2.075977087020874,
    2.054680824279785,
    2.023582696914673,
    2.0599470138549805,
    2.0573625564575195,
    2.0970511436462402,
    2.0813145637512207,
    2.082003593444824,
    2.0836281776428223,
    2.0614099502563477,
    2.086005687713623,
    2.0750269889831543,
    2.0496840476989746,
    2.0524654388427734,
    2.0657482147216797,
    2.079098701477051,
    2.1050877571105957,
    2.0901389122009277,
    2.0250604152679443,
    2.07277512550354,
    2.053605556488037,
    2.0799899101257324,
    2.0571603775024414,
    2.084566593170166,
    2.077103614807129,
    2.0593080520629883,
    2.0556352138519287,
    2.1242034435272217,
    2.082160472869873,
    2.1332030296325684,
    2.078648567199707,
    2.1003780364990234,
    2.010725736618042,
    2.130117416381836,
    2.077796220779419,
    2.107553005218506,
    2.0956265926361084,
    2.0672168731689453,
    2.084223508834839,
    2.0156188011169434,
    2.0371124744415283,
    2.066765069961548,
    2.0366015434265137,
    2.038506507873535,
    2.0450949668884277,
    2.0294346809387207,
    2.0561904907226562,
    2.0229177474975586,
    2.0487608909606934,
    2.08474063873291,
    2.0438032150268555,
    2.0281553268432617,
    2.0566043853759766,
    2.0310964584350586,
    2.057253122329712,
    2.0766704082489014,
    2.076153039932251,
    2.0619091987609863,
    2.096010208129883,
    2.0990355014801025,
    2.040457010269165,
    2.0587973594665527,
    2.0518798828125
  ],
  "samples": 50000
}