{
  "loss_log": [
    1.601599931716919,
    1.668879508972168,
    1.644629716873169,
    1.6047531366348267,
    1.6267914772033691,
    1.5885789394378662,
    1.6153285503387451,
    1.6131130456924438,
    1.6183662414550781,
    1.6145321130752563,
    1.6485979557037354,
    1.6101410388946533,
    1.6514095067977905,
    1.624699354171753,
    1.610103726387024,
    1.6048269271850586,
    1.6213092803955078,
    1.6594792604446411,
    1.635308027267456,
    1.612135648727417,
    1.6202430725097656,
    1.6260768175125122,
    1.6067968606948853,
    1.6221983432769775,
    1.6324282884597778,
    1.615437388420105,
    1.635136365890503,
    1.6050195693969727,
    1.6474932432174683,
    1.6100311279296875,
    1.6538114547729492,
    1.599724292755127,
    1.6005325317382812,
    1.6023461818695068,
    1.5963977575302124,
    1.6116223335266113,
    1.6398968696594238,
    1.5970878601074219,
    1.615837812423706,
    1.6263973712921143,
    1.6066924333572388,
    1.6477131843566895,
    1.605440616607666,
    1.6406104564666748,
    1.610130786895752,
    1.6382195949554443,
    1.5962769985198975,
    1.627326488494873,
    1.6355535984039307,
    1.617256760597229,
    1.6387262344360352,
    1.630476951599121,
    1.617167592048645,
    1.6003811359405518,
    1.604018211364746,
    1.6264461278915405,
    1.6030266284942627,
    1.5948491096496582,
    1.64620041847229,
    1.6114623546600342,
    1.6144134998321533,
    1.6269134283065796,
    1.5939593315124512,
    1.6405112743377686,
    1.6178827285766602,
    1.589415431022644,
    1.586107850074768,
    1.6108403205871582,
    1.6209923028945923,
    1.611913800239563,
    1.6427900791168213,
    1.6400830745697021,
    1.6387320756912231,
    1.662649393081665,
    1.6262142658233643,
    1.6209598779678345,
    1.6635769605636597,
    1.6160064935684204,
    1.604210376739502
  ],
  "samples": 30000
}