{
  "loss_log": [
    2.3595213890075684,
    2.297586441040039,
    2.3331642150878906,
    2.3042008876800537,
    2.294234037399292,
    2.2889037132263184,
    2.268505573272705,
    2.2850499153137207,
    2.304232120513916,
    2.2650146484375,
    2.2812795639038086,
    2.297001838684082,
    2.340653657913208,
    2.2648329734802246,
    2.237123966217041,
    2.3408689498901367,
    2.23402738571167,
    2.256161689758301,
    2.262694835662842,
    2.2729175090789795,
    2.287036657333374,
    2.2673230171203613,
    2.238126754760742,
    2.256598711013794,
    2.2660422325134277,
    2.2447986602783203,
    2.2793102264404297,
    2.226982355117798,
    2.2883403301239014,
    2.2409441471099854,
    2.2546989917755127,
    2.3301563262939453,
    2.240961790084839,
    2.2741475105285645,
    2.263512134552002,
    2.2303307056427,
    2.2174081802368164,
    2.2392055988311768,
    2.2466728687286377,
    2.2876925468444824,
    2.228379726409912,
    2.2833211421966553,
    2.2389273643493652,
    2.227527379989624,
    2.2919299602508545,
    2.2278852462768555,
    2.217456817626953,
    2.2531821727752686,
    2.2143921852111816,
    2.3177008628845215,
    2.1955349445343018,
    2.228593349456787,
    2.2389676570892334,
    2.266714572906494,
    2.288278579711914,
    2.2389814853668213,
    2.203340530395508,
    2.2429091930389404,
    2.240204334259033,
    2.2545390129089355,
    2.242115020751953,
    2.2010724544525146,
    2.2508811950683594,
    2.245481014251709,
    2.279670476913452,
    2.282944917678833,
    2.2384109497070312,
    2.2377805709838867,
    2.248236656188965,
    2.2557740211486816,
    2.2200233936309814,
    2.225508689880371,
    2.2657127380371094,
    2.241936206817627,
    2.247589111328125,
    2.2843918800354004,
    2.258873701095581,
    2.2664146423339844,
    2.207315444946289
  ],
  "samples": 60000
}