{
  "loss_log": [
    1.6616365909576416,
    1.6224955320358276,
    1.5973652601242065,
    1.6129778623580933,
    1.6021116971969604,
    1.6536459922790527,
    1.601677417755127,
    1.6112775802612305,
    1.6244975328445435,
    1.6155459880828857,
    1.6153680086135864,
    1.6279973983764648,
    1.617915153503418,
    1.657774806022644,
    1.6156541109085083,
    1.6330373287200928,
    1.6503889560699463,
    1.651660680770874,
    1.5947338342666626,
    1.6017801761627197,
    1.6153533458709717,
    1.6488661766052246,
    1.5768423080444336,
    1.5880472660064697,
    1.637396216392517,
    1.637413501739502,
    1.6080522537231445,
    1.608551263809204,
    1.6019861698150635,
    1.6171373128890991,
    1.6273343563079834,
    1.5921214818954468,
    1.6258608102798462,
    1.5948116779327393,
    1.6160638332366943,
    1.5971848964691162,
    1.5838898420333862,
    1.6187918186187744,
    1.6385706663131714,
    1.6088300943374634,
    1.611832618713379,
    1.6352431774139404,
    1.622436761856079,
    1.6030129194259644,
    1.5870606899261475,
    1.6013224124908447,
    1.5882377624511719,
    1.6130807399749756,
    1.6155281066894531,
    1.6166636943817139,
    1.642609715461731,
    1.6217706203460693,
    1.6185563802719116,
    1.630398154258728,
    1.6236121654510498,
    1.6002075672149658,
    1.5878692865371704,
    1.6169178485870361,
    1.6175318956375122,
    1.589179277420044,
    1.5956108570098877,
    1.59696626663208,
    1.6211485862731934,
    1.6315330266952515,
    1.6138367652893066,
    1.6226630210876465,
    1.6128368377685547,
    1.6070059537887573,
    1.6231499910354614,
    1.6127616167068481,
    1.6252093315124512,
    1.6487603187561035,
    1.597305178642273,
    1.6345694065093994,
    1.6242899894714355,
    1.5960150957107544,
    1.6148638725280762,
    1.5953449010849,
    1.722198247909546
  ],
  "samples": 35000
}