{
  "loss_log": [
    2.439326524734497,
    2.4125850200653076,
    2.3290438652038574,
    2.413623094558716,
    2.394440174102783,
    2.3477745056152344,
    2.357835054397583,
    2.3396973609924316,
    2.3805899620056152,
    2.3984851837158203,
    2.3564841747283936,
    2.3162050247192383,
    2.3609509468078613,
    2.3453969955444336,
    2.3091492652893066,
    2.3499274253845215,
    2.389910936355591,
    2.3692617416381836,
    2.2963900566101074,
    2.348404884338379,
    2.4436655044555664,
    2.3983731269836426,
    2.3487491607666016,
    2.410512924194336,
    2.332900047302246,
    2.3881821632385254,
    2.354156970977783,
    2.3682470321655273,
    2.377016544342041,
    2.323437452316284,
    2.366574764251709,
    2.3562607765197754,
    2.325429677963257,
    2.3662688732147217,
    2.4094693660736084,
    2.381831169128418,
    2.273766040802002,
    2.407090187072754,
    2.347649097442627,
    2.331141471862793,
    2.350227117538452,
    2.3992700576782227,
    2.304198980331421,
    2.339122772216797,
    2.358262062072754,
    2.322598457336426,
    2.3851141929626465,
    2.3283815383911133,
    2.3888168334960938,
    2.3685216903686523,
    2.319657802581787,
    2.3835952281951904,
    2.3924880027770996,
    2.3434908390045166,
    2.3798828125,
    2.3308143615722656,
    2.3256995677948,
    2.3479256629943848,
    2.29814076423645,
    2.374532461166382,
    2.360917806625366,
    2.32155179977417,
    2.3927760124206543,
    2.345261812210083,
    2.3907816410064697,
    2.3459506034851074,
    2.3763935565948486,
    2.319260597229004,
    2.34818696975708,
    2.365936517715454,
    2.3562533855438232,
    2.367448329925537,
    2.305122137069702,
    2.350703239440918,
    2.3825411796569824,
    2.416004180908203,
    2.3831229209899902,
    2.3615550994873047,
    2.460967779159546
  ],
  "samples": 65000
}