{
  "loss_log": [
    4.236629486083984,
    4.090822219848633,
    3.9953415393829346,
    4.033979415893555,
    3.9522461891174316,
    4.0394816398620605,
    4.017496109008789,
    4.051183223724365,
    4.009888648986816,
    4.037286758422852,
    4.043972015380859,
    3.98720121383667,
    3.9643125534057617,
    4.009540557861328,
    4.122068405151367,
    3.966754198074341,
    3.9495344161987305,
    3.948148250579834,
    4.086179733276367,
    4.028647422790527,
    4.080602645874023,
    3.9763166904449463,
    3.9474399089813232,
    3.900575637817383,
    3.9652514457702637,
    3.9724068641662598,
    3.978938579559326,
    3.984469413757324,
    3.9312639236450195,
    3.844269037246704,
    3.9177355766296387,
    3.8768157958984375,
    3.9225502014160156,
    3.976240873336792,
    3.918118953704834,
    3.9163055419921875,
    3.8448712825775146,
    4.008604049682617,
    4.028477668762207,
    3.9726548194885254,
    3.95135498046875,
    3.9723947048187256,
    3.979003429412842,
    3.897433280944824,
    3.885895252227783,
    3.9000155925750732,
    3.8607234954833984,
    3.9140102863311768,
    3.9105799198150635,
    3.9274349212646484,
    3.8905844688415527,
    3.997842311859131,
    3.8869271278381348,
    3.9656453132629395,
    3.9472317695617676,
    3.8967792987823486,
    3.921746253967285,
    3.9020464420318604,
    3.8146588802337646,
    3.8508520126342773,
    3.835167407989502,
    3.8881030082702637,
    3.8515329360961914,
    3.863438606262207,
    3.851564407348633,
    3.9354395866394043,
    3.9386000633239746,
    3.8612475395202637,
    3.951380968093872,
    3.9578654766082764,
    3.9259791374206543,
    3.938258647918701,
    3.8657071590423584,
    4.008915424346924,
    3.8678948879241943,
    3.8647117614746094,
    3.8771562576293945,
    3.9091086387634277,
    4.157315731048584
  ],
  "samples": 70000
}