{
  "loss_log": [
    3.8425495624542236,
    3.4624123573303223,
    3.391145944595337,
    3.7231059074401855,
    3.5104868412017822,
    3.2178807258605957,
    3.3650929927825928,
    3.241783380508423,
    3.3577795028686523,
    3.506653070449829,
    3.400827407836914,
    3.4543261528015137,
    3.258124828338623,
    3.2908287048339844,
    3.4052228927612305,
    3.3566441535949707,
    3.1684062480926514,
    3.3676414489746094,
    3.30208158493042,
    3.2858974933624268,
    3.2951269149780273,
    3.2980613708496094,
    3.2141451835632324,
    3.3116865158081055,
    3.256483554840088,
    3.176936388015747,
    3.2255778312683105,
    3.2476377487182617,
    3.1726527214050293,
    3.2763919830322266,
    3.2589550018310547,
    3.1215386390686035,
    3.259113073348999,
    3.203921318054199,
    3.1520204544067383,
    3.1822099685668945,
    3.2362446784973145,
    3.1885461807250977,
    3.156031608581543,
    3.1767513751983643,
    3.1543045043945312,
    3.007434844970703,
    3.150358200073242,
    3.0585641860961914,
    3.1721575260162354,
    3.148362159729004,
    3.058553695678711,
    3.1095738410949707,
    3.079500198364258,
    3.1483826637268066,
    3.0766286849975586,
    3.068366527557373,
    3.079256057739258,
    3.0676283836364746,
    3.0144476890563965,
    3.050342559814453,
    3.0115649700164795,
    3.0032310485839844,
    3.001163959503174,
    2.915173053741455,
    3.1585302352905273,
    2.9420042037963867,
    2.852628707885742,
    2.9663901329040527,
    3.0385031700134277,
    2.942195177078247,
    3.020242214202881,
    2.97052001953125,
    2.965926170349121,
    2.914970636367798,
    3.0498969554901123,
    2.967679500579834,
    2.9099631309509277,
    2.913752555847168,
    2.910778045654297,
    2.9044976234436035,
    2.9127321243286133,
    2.7939064502716064,
    2.958516836166382
  ],
  "samples": 130000
}