{
  "loss_log": [
    4.093131065368652,
    3.9960999488830566,
    4.028337001800537,
    4.038496017456055,
    4.103936195373535,
    4.073439121246338,
    4.012916564941406,
    4.097315311431885,
    3.95050048828125,
    4.030617713928223,
    4.102729797363281,
    4.055677890777588,
    4.023217678070068,
    3.972046375274658,
    3.994481086730957,
    4.060814380645752,
    4.046698570251465,
    4.060420036315918,
    4.0855607986450195,
    4.008100509643555,
    3.955726146697998,
    4.041075706481934,
    4.029720306396484,
    3.9998619556427,
    4.102394104003906,
    3.913426160812378,
    3.945195198059082,
    4.0268378257751465,
    4.012325286865234,
    4.0229034423828125,
    4.124666690826416,
    4.00187873840332,
    3.983692169189453,
    3.967625379562378,
    4.039608001708984,
    4.051687240600586,
    4.015073776245117,
    4.045308589935303,
    3.8586902618408203,
    3.958177089691162,
    3.9702348709106445,
    3.995880126953125,
    3.9188990592956543,
    3.9805843830108643,
    3.993311882019043,
    3.983489990234375,
    4.0059099197387695,
    4.010285377502441,
    3.897582530975342,
    4.147799491882324,
    3.967938184738159,
    4.020450592041016,
    3.9827499389648438,
    4.015822410583496,
    3.9472241401672363,
    4.020681381225586,
    4.024314880371094,
    4.010302543640137,
    4.02496862411499,
    3.9828619956970215,
    4.048990249633789,
    4.037582874298096,
    3.952784538269043,
    3.9668240547180176,
    4.0151214599609375,
    4.083392143249512,
    3.9106662273406982,
    3.951456069946289,
    3.9347877502441406,
    4.059042930603027,
    4.05159854888916,
    3.9748902320861816,
    3.9581780433654785,
    4.0220794677734375,
    4.000284671783447,
    3.982400894165039,
    4.088380813598633,
    4.119453430175781,
    3.8929085731506348
  ],
  "samples": 55000
}