{
  "loss_log": [
    6.921088695526123,
    5.905477523803711,
    5.428373336791992,
    5.565686225891113,
    6.2538886070251465,
    5.689310550689697,
    5.279159069061279,
    5.161569595336914,
    4.61647367477417,
    4.092443466186523,
    4.074920654296875,
    4.163112640380859,
    3.8168444633483887,
    4.044367790222168,
    3.3954415321350098,
    3.3166003227233887,
    3.4809985160827637,
    3.353302478790283,
    3.519482374191284,
    3.3671610355377197,
    3.2992782592773438,
    3.303736686706543,
    3.440354108810425,
    3.4325571060180664,
    3.2642436027526855,
    3.282031536102295,
    3.2401070594787598,
    3.372702121734619,
    3.2328195571899414,
    3.158057451248169,
    3.1431612968444824,
    3.1763193607330322,
    3.178480863571167,
    3.0463452339172363,
    3.2125601768493652,
    3.2035253047943115,
    3.119204044342041,
    3.0536153316497803,
    3.0253098011016846,
    2.956927537918091,
    3.024606943130493,
    3.133671998977661,
    3.1137075424194336,
    2.9924683570861816,
    2.9884631633758545,
    3.0285468101501465,
    2.8629584312438965,
    3.0142929553985596,
    2.8608169555664062,
    3.063025951385498,
    3.0497567653656006,
    2.8975729942321777,
    2.887500286102295,
    2.9433956146240234,
    2.9736037254333496,
    2.8517274856567383,
    2.8822786808013916,
    2.818660259246826,
    2.889516830444336,
    2.844364643096924,
    2.8629045486450195,
    2.756826877593994,
    2.8729872703552246,
    2.9017364978790283,
    2.8170180320739746,
    2.833883047103882,
    2.774496078491211,
    2.8130807876586914,
    2.8499088287353516,
    2.835521936416626,
    2.7010598182678223,
    2.712584972381592,
    2.9166998863220215,
    2.7778801918029785,
    2.7910852432250977,
    2.809612512588501,
    2.9644274711608887,
    2.654895305633545,
    3.222395896911621
  ],
  "samples": 265000
}