{
  "loss_log": [
    6.07201623916626,
    4.244319915771484,
    4.659666061401367,
    4.591890335083008,
    4.09977912902832,
    4.186656951904297,
    4.204707145690918,
    4.26214599609375,
    3.862323760986328,
    3.7096800804138184,
    3.9196348190307617,
    3.867342948913574,
    4.223120212554932,
    3.941274642944336,
    3.6162829399108887,
    3.665262222290039,
    3.6421210765838623,
    3.540191173553467,
    3.5069332122802734,
    3.746295928955078,
    3.774925470352173,
    3.396000862121582,
    3.352440118789673,
    3.476966142654419,
    3.3196494579315186,
    3.434048652648926,
    3.4345967769622803,
    3.303436040878296,
    3.3426873683929443,
    3.2975988388061523,
    3.249041795730591,
    3.266726016998291,
    3.2604708671569824,
    3.249664306640625,
    3.228484630584717,
    3.1752772331237793,
    3.1216745376586914,
    3.117478132247925,
    3.078125,
    3.155344009399414,
    3.1732935905456543,
    2.962876796722412,
    3.118936538696289,
    3.1246495246887207,
    3.055051803588867,
    2.9989895820617676,
    2.926786422729492,
    2.983133316040039,
    2.9963765144348145,
    3.0473248958587646,
    2.9550833702087402,
    2.9383063316345215,
    2.9189536571502686,
    2.931986093521118,
    2.9002585411071777,
    2.8437623977661133,
    2.8644888401031494,
    2.943227529525757,
    2.9730277061462402,
    2.8619046211242676,
    2.874829053878784,
    2.824091911315918,
    2.768091917037964,
    2.810471534729004,
    2.811664581298828,
    2.7502636909484863,
    2.734017848968506,
    2.7087788581848145,
    2.615889310836792,
    2.7512502670288086,
    2.662774085998535,
    2.695385694503784,
    2.7402894496917725,
    2.6707382202148438,
    2.7125496864318848,
    2.59928035736084,
    2.7290046215057373,
    2.6561179161071777,
    2.956122398376465
  ],
  "samples": 330000
}