{
  "loss_log": [
    4.099118709564209,
    4.138979434967041,
    3.9827957153320312,
    4.108460426330566,
    4.052831649780273,
    4.092525005340576,
    4.032266139984131,
    4.061572074890137,
    4.0163068771362305,
    4.004440784454346,
    4.040740013122559,
    4.041085720062256,
    3.96909761428833,
    4.122575759887695,
    4.006224632263184,
    3.9724020957946777,
    3.9712624549865723,
    4.022829532623291,
    4.116912841796875,
    4.055746078491211,
    3.992197275161743,
    3.9301095008850098,
    4.045853614807129,
    4.035388946533203,
    4.046283721923828,
    4.036155700683594,
    4.077395439147949,
    4.041501045227051,
    4.039629936218262,
    4.131176948547363,
    4.060661315917969,
    4.093357086181641,
    4.029329776763916,
    4.02072286605835,
    4.074337959289551,
    4.022782802581787,
    4.013103485107422,
    3.989063262939453,
    3.9754769802093506,
    4.0745439529418945,
    4.100977897644043,
    4.048685073852539,
    4.02039098739624,
    4.0694732666015625,
    3.951612949371338,
    4.0234880447387695,
    3.9524364471435547,
    3.9920654296875,
    3.994424819946289,
    4.123077392578125,
    3.9759681224823,
    4.000041961669922,
    4.0128326416015625,
    4.038059711456299,
    3.952505350112915,
    4.077310562133789,
    4.034748554229736,
    3.9519617557525635,
    4.024153709411621,
    4.106019973754883,
    4.11069917678833,
    4.015873908996582,
    3.979736804962158,
    4.052006244659424,
    3.9862961769104004,
    3.9721899032592773,
    4.082800388336182,
    4.033520698547363,
    3.972079277038574,
    4.022331237792969,
    4.022348403930664,
    4.005036354064941,
    4.017727851867676,
    3.9919257164001465,
    4.0174241065979,
    4.0927228927612305,
    4.046564102172852,
    4.027874946594238,
    3.981335163116455
  ],
  "samples": 60000
}