{
  "loss_log": [
    7.719814300537109,
    7.743297576904297,
    6.668074131011963,
    6.1276397705078125,
    6.1562347412109375,
    6.260504722595215,
    5.507297515869141,
    4.9164886474609375,
    5.215167045593262,
    4.878674030303955,
    4.833850860595703,
    4.461459636688232,
    4.254408359527588,
    4.424187183380127,
    4.236669063568115,
    3.8747482299804688,
    4.219775199890137,
    3.7408323287963867,
    3.6751537322998047,
    3.857635974884033,
    3.6460187435150146,
    3.8018243312835693,
    3.4499640464782715,
    3.894209384918213,
    3.7610559463500977,
    3.485720634460449,
    3.6708076000213623,
    3.6582515239715576,
    3.53766131401062,
    3.547048330307007,
    3.513707399368286,
    3.5379176139831543,
    3.3706398010253906,
    3.5356860160827637,
    3.333848237991333,
    3.4967474937438965,
    3.4030938148498535,
    3.267947196960449,
    3.471764087677002,
    3.401174306869507,
    3.3146939277648926,
    3.2083301544189453,
    3.2774953842163086,
    3.261472225189209,
    3.195449113845825,
    3.2185628414154053,
    3.2490971088409424,
    3.0823795795440674,
    3.0483322143554688,
    3.194214344024658,
    3.062802314758301,
    3.2026493549346924,
    3.1676876544952393,
    3.117980480194092,
    3.0966362953186035,
    3.104400396347046,
    3.1115870475769043,
    3.0769715309143066,
    3.005934476852417,
    2.9920859336853027,
    3.0338916778564453,
    2.94341778755188,
    2.9174580574035645,
    2.971292495727539,
    2.8609635829925537,
    2.9525351524353027,
    2.96144962310791,
    2.9511289596557617,
    2.838395833969116,
    2.937223196029663,
    2.8479340076446533,
    2.8043017387390137,
    2.8594818115234375,
    2.8557801246643066,
    2.8513479232788086,
    2.9137511253356934,
    2.959864616394043,
    2.852292537689209,
    2.6499991416931152
  ],
  "samples": 300000
}