{
  "loss_log": [
    5.742217063903809,
    6.301331996917725,
    6.279356956481934,
    5.740022659301758,
    5.047624588012695,
    4.880414009094238,
    5.184929847717285,
    4.823549270629883,
    4.305203914642334,
    4.453713417053223,
    4.245938777923584,
    4.3157453536987305,
    4.156494617462158,
    4.160144329071045,
    4.136832237243652,
    4.121037483215332,
    4.11853551864624,
    4.075545310974121,
    4.081479072570801,
    4.099670886993408,
    4.223872184753418,
    3.983644723892212,
    3.999298572540283,
    4.024168491363525,
    3.8992388248443604,
    3.8605260848999023,
    3.9442920684814453,
    3.893998384475708,
    3.9425718784332275,
    3.9633381366729736,
    3.846015453338623,
    3.8435885906219482,
    3.8085758686065674,
    3.730997085571289,
    3.7907609939575195,
    3.7537660598754883,
    3.650768280029297,
    3.573387622833252,
    3.6664414405822754,
    3.6841697692871094,
    3.5880162715911865,
    3.502211332321167,
    3.5678677558898926,
    3.4523019790649414,
    3.6994104385375977,
    3.717261552810669,
    3.6300225257873535,
    3.581540584564209,
    3.420797348022461,
    3.615922689437866,
    3.68819260597229,
    3.554389476776123,
    3.5023193359375,
    3.4875051975250244,
    3.492671012878418,
    3.563469171524048,
    3.5084590911865234,
    3.537929058074951,
    3.4449706077575684,
    3.4852304458618164,
    3.5327677726745605,
    3.3545989990234375,
    3.4269838333129883,
    3.5827643871307373,
    3.3494057655334473,
    3.505812168121338,
    3.493772029876709,
    3.3884801864624023,
    3.301668882369995,
    3.3712315559387207,
    3.3548078536987305,
    3.325089454650879,
    3.425251007080078,
    3.336852550506592,
    3.3277316093444824,
    3.339524269104004,
    3.247720956802368,
    3.4031484127044678,
    3.0053658485412598
  ],
  "samples": 150000
}