{
  "loss_log": [
    5.841002941131592,
    5.783217430114746,
    5.811988353729248,
    5.856911659240723,
    5.729527473449707,
    5.182275772094727,
    4.895496368408203,
    4.80417537689209,
    4.894740581512451,
    4.454405784606934,
    4.439513683319092,
    4.662769317626953,
    4.124947547912598,
    4.142849445343018,
    4.271687030792236,
    4.214109897613525,
    4.157033443450928,
    4.006804943084717,
    4.137176513671875,
    4.06878137588501,
    3.891725540161133,
    3.849925994873047,
    3.768632173538208,
    3.7480833530426025,
    3.779600143432617,
    3.85540509223938,
    3.8378334045410156,
    3.6560888290405273,
    3.7008345127105713,
    3.6820435523986816,
    3.5939626693725586,
    3.6027002334594727,
    3.5107150077819824,
    3.5558037757873535,
    3.519080638885498,
    3.482795238494873,
    3.391491413116455,
    3.636770248413086,
    3.480774402618408,
    3.506650447845459,
    3.473574161529541,
    3.5600390434265137,
    3.3860411643981934,
    3.3042101860046387,
    3.299459218978882,
    3.4422788619995117,
    3.3982009887695312,
    3.3542966842651367,
    3.323857069015503,
    3.279395580291748,
    3.327868938446045,
    3.274543523788452,
    3.3103280067443848,
    3.2142181396484375,
    3.2433671951293945,
    3.1735901832580566,
    3.2572221755981445,
    3.2075891494750977,
    3.2217116355895996,
    3.1802806854248047,
    3.0707504749298096,
    3.1849889755249023,
    3.0860564708709717,
    3.0376176834106445,
    3.0281128883361816,
    2.987860679626465,
    2.9963490962982178,
    2.982789993286133,
    2.9634976387023926,
    2.973245143890381,
    2.9827818870544434,
    2.962432622909546,
    2.878213405609131,
    2.8470544815063477,
    2.874056339263916,
    2.898681163787842,
    2.8333230018615723,
    2.8476173877716064,
    2.8643593788146973
  ],
  "samples": 325000
}