{
  "loss_log": [
    5.0609636306762695,
    4.642204284667969,
    4.339838027954102,
    4.276461601257324,
    4.253056526184082,
    4.192368984222412,
    4.211612701416016,
    4.0495381355285645,
    4.165325164794922,
    4.157205581665039,
    3.906052589416504,
    4.026822090148926,
    3.9147069454193115,
    3.865844964981079,
    3.888634204864502,
    3.8257479667663574,
    3.872163772583008,
    3.9153170585632324,
    3.8047304153442383,
    3.8423726558685303,
    3.7994799613952637,
    3.773530960083008,
    3.862008571624756,
    3.7791738510131836,
    3.781322956085205,
    3.722045660018921,
    3.7817959785461426,
    3.7891359329223633,
    3.710935115814209,
    3.6573801040649414,
    3.6161444187164307,
    3.6845977306365967,
    3.611626148223877,
    3.716768264770508,
    3.7405643463134766,
    3.668306589126587,
    3.7039456367492676,
    3.645819902420044,
    3.760481119155884,
    3.629124641418457,
    3.694841146469116,
    3.60152006149292,
    3.734943389892578,
    3.6759183406829834,
    3.5821986198425293,
    3.6191554069519043,
    3.4553637504577637,
    3.6649575233459473,
    3.6159586906433105,
    3.468254327774048,
    3.6185855865478516,
    3.5432190895080566,
    3.4510645866394043,
    3.409402370452881,
    3.5278871059417725,
    3.4084644317626953,
    3.5223145484924316,
    3.551712989807129,
    3.497920036315918,
    3.462136745452881,
    3.4306116104125977,
    3.409743309020996,
    3.418407917022705,
    3.4327778816223145,
    3.454841136932373,
    3.4421257972717285,
    3.4124763011932373,
    3.4162707328796387,
    3.4492506980895996,
    3.3924765586853027,
    3.3458852767944336,
    3.312669277191162,
    3.3483951091766357,
    3.3340518474578857,
    3.334573745727539,
    3.302346706390381,
    3.311798572540283,
    3.2745184898376465,
    3.590487003326416
  ],
  "samples": 120000
}