{
  "loss_log": [
    4.6974639892578125,
    5.144847869873047,
    4.974539756774902,
    4.298322677612305,
    3.870765209197998,
    3.7181215286254883,
    4.271441459655762,
    4.509202480316162,
    4.2207865715026855,
    3.6332173347473145,
    3.529980182647705,
    3.3346877098083496,
    3.445122718811035,
    3.268484592437744,
    2.8825795650482178,
    3.4943690299987793,
    2.8507394790649414,
    3.0781209468841553,
    3.032827377319336,
    2.852386951446533,
    2.8825831413269043,
    2.940748453140259,
    2.804687976837158,
    2.7978062629699707,
    2.909918785095215,
    2.864713430404663,
    2.812054395675659,
    2.9247803688049316,
    2.8018293380737305,
    2.751156806945801,
    2.8674755096435547,
    2.7172086238861084,
    2.742579460144043,
    2.6975045204162598,
    2.7936477661132812,
    2.6744349002838135,
    2.781812906265259,
    2.730717420578003,
    2.797097682952881,
    2.6890769004821777,
    2.6810340881347656,
    2.6578569412231445,
    2.677090644836426,
    2.6735739707946777,
    2.651813507080078,
    2.644125461578369,
    2.722254753112793,
    2.705073356628418,
    2.634469509124756,
    2.633460521697998,
    2.6926815509796143,
    2.6041693687438965,
    2.640462636947632,
    2.580921173095703,
    2.6209511756896973,
    2.5972890853881836,
    2.634486436843872,
    2.5552921295166016,
    2.5635733604431152,
    2.6106462478637695,
    2.5641250610351562,
    2.614532947540283,
    2.5185465812683105,
    2.572632312774658,
    2.544680595397949,
    2.5884342193603516,
    2.6549534797668457,
    2.491640567779541,
    2.619368076324463,
    2.5666494369506836,
    2.547943592071533,
    2.4813709259033203,
    2.588078022003174,
    2.4709973335266113,
    2.4850966930389404,
    2.4525465965270996,
    2.548456907272339,
    2.5403850078582764,
    2.3936328887939453
  ],
  "samples": 280000
}