{
  "loss_log": [
    3.813600778579712,
    3.699512481689453,
    3.797004222869873,
    3.725738048553467,
    3.5292673110961914,
    3.6456971168518066,
    3.4250409603118896,
    3.5304923057556152,
    3.417255401611328,
    3.532559394836426,
    3.3411753177642822,
    3.40902042388916,
    3.31803560256958,
    3.182997226715088,
    3.290302276611328,
    3.1713294982910156,
    3.196665048599243,
    3.120030641555786,
    3.163938045501709,
    3.1856300830841064,
    3.1542882919311523,
    3.14294171333313,
    3.114762544631958,
    3.0668258666992188,
    3.2367539405822754,
    2.952080726623535,
    3.054717540740967,
    3.022313356399536,
    2.975785255432129,
    2.986158847808838,
    2.9693050384521484,
    3.0961575508117676,
    2.9395132064819336,
    3.0100793838500977,
    3.0648155212402344,
    2.9012980461120605,
    2.9031901359558105,
    2.973970651626587,
    2.90559720993042,
    2.963923454284668,
    2.9829649925231934,
    2.8122260570526123,
    2.8406403064727783,
    2.863645553588867,
    2.865807294845581,
    2.839911460876465,
    2.929015874862671,
    2.763181209564209,
    2.7941412925720215,
    2.9524197578430176,
    2.8544607162475586,
    2.863391160964966,
    2.8270652294158936,
    3.0098142623901367,
    2.873143196105957,
    2.7587671279907227,
    2.8879644870758057,
    2.8154845237731934,
    2.746968984603882,
    2.6782002449035645,
    2.878506898880005,
    2.832282304763794,
    2.7835018634796143,
    2.634406089782715,
    2.7619121074676514,
    2.7480556964874268,
    2.7654781341552734,
    2.8896684646606445,
    2.8780128955841064,
    2.823641300201416,
    2.628138303756714,
    2.705193519592285,
    2.7381091117858887,
    2.651883602142334,
    2.8046865463256836,
    2.7075917720794678,
    2.7747466564178467,
    2.7056620121002197,
    2.6361708641052246
  ],
  "samples": 155000
}