{
  "loss_log": [
    5.155188083648682,
    4.742425918579102,
    4.202437400817871,
    4.2714433670043945,
    3.91036319732666,
    3.932196855545044,
    3.790074586868286,
    3.671319007873535,
    3.702890396118164,
    3.749807834625244,
    3.6850075721740723,
    3.716205596923828,
    3.7941629886627197,
    3.597034454345703,
    3.53311824798584,
    3.7134242057800293,
    3.7735588550567627,
    3.584953784942627,
    3.5554516315460205,
    3.6181159019470215,
    3.691807746887207,
    3.469878673553467,
    3.5409154891967773,
    3.6175413131713867,
    3.4908390045166016,
    3.47479510307312,
    3.533811092376709,
    3.4612247943878174,
    3.5105395317077637,
    3.5074563026428223,
    3.4367213249206543,
    3.469036102294922,
    3.531684160232544,
    3.483184337615967,
    3.4176859855651855,
    3.4365689754486084,
    3.4821863174438477,
    3.439948797225952,
    3.403434991836548,
    3.427319049835205,
    3.4684317111968994,
    3.4244484901428223,
    3.486243486404419,
    3.373600482940674,
    3.451533317565918,
    3.2685039043426514,
    3.3426520824432373,
    3.3734469413757324,
    3.3303208351135254,
    3.3824803829193115,
    3.349520683288574,
    3.31135630607605,
    3.4223763942718506,
    3.356466054916382,
    3.261324405670166,
    3.233896493911743,
    3.3185558319091797,
    3.2943544387817383,
    3.2160701751708984,
    3.3405165672302246,
    3.2788166999816895,
    3.3753697872161865,
    3.291724681854248,
    3.2063632011413574,
    3.2985949516296387,
    3.271252155303955,
    3.2399916648864746,
    3.132205009460449,
    3.2281765937805176,
    3.328468084335327,
    3.3272976875305176,
    3.149846076965332,
    3.2064390182495117,
    3.239114761352539,
    3.4066696166992188,
    3.2475075721740723,
    3.245175361633301,
    3.2156970500946045,
    3.1645689010620117
  ],
  "samples": 125000
}