{
  "loss_log": [
    3.996042013168335,
    4.00892972946167,
    4.127889633178711,
    4.018105506896973,
    4.068958759307861,
    4.1032867431640625,
    4.027949333190918,
    4.062994956970215,
    3.996920108795166,
    4.013330936431885,
    3.9865217208862305,
    4.013771057128906,
    4.028962135314941,
    4.073039531707764,
    4.008815288543701,
    4.028792858123779,
    4.006619453430176,
    4.070862770080566,
    4.0219316482543945,
    4.079163551330566,
    3.950739622116089,
    3.944533348083496,
    4.009828090667725,
    4.127538681030273,
    4.021773338317871,
    3.917478084564209,
    3.958186149597168,
    4.083013534545898,
    3.984116554260254,
    4.093165874481201,
    4.044471740722656,
    4.093114852905273,
    4.148235321044922,
    3.9517219066619873,
    4.0701704025268555,
    3.994548797607422,
    4.123364448547363,
    4.041182994842529,
    4.073146820068359,
    3.983447551727295,
    3.972372531890869,
    4.059879302978516,
    3.980008125305176,
    3.97444224357605,
    4.020739555358887,
    3.958258628845215,
    3.9851980209350586,
    4.019776344299316,
    4.0422163009643555,
    4.0016326904296875,
    3.997358798980713,
    4.1048102378845215,
    3.9876534938812256,
    3.9227793216705322,
    3.9012906551361084,
    4.035905838012695,
    3.949079751968384,
    4.071910858154297,
    3.8780903816223145,
    3.980404853820801,
    3.969644546508789,
    4.069576263427734,
    4.032876968383789,
    4.01929235458374,
    3.980403423309326,
    4.038384437561035,
    3.996047019958496,
    3.900724411010742,
    4.017165184020996,
    3.926210880279541,
    3.977715253829956,
    3.8648858070373535,
    3.986266613006592,
    3.9063448905944824,
    3.9078762531280518,
    3.944551467895508,
    3.851156234741211,
    3.8537402153015137,
    3.952573776245117
  ],
  "samples": 65000
}