{
  "loss_log": [
    4.057269096374512,
    3.971555709838867,
    3.9653217792510986,
    3.8042726516723633,
    4.060773849487305,
    3.900742530822754,
    3.8716745376586914,
    4.0662994384765625,
    3.8953423500061035,
    3.8328022956848145,
    3.8956165313720703,
    3.9796667098999023,
    3.7646727561950684,
    3.90958309173584,
    3.9708569049835205,
    3.790153980255127,
    3.8363420963287354,
    3.8836145401000977,
    3.9622159004211426,
    3.7808732986450195,
    3.8751473426818848,
    3.9246954917907715,
    3.8385040760040283,
    3.9316487312316895,
    3.9523825645446777,
    3.8749632835388184,
    3.9152770042419434,
    3.877793788909912,
    3.9599883556365967,
    3.883775234222412,
    3.839271068572998,
    3.9655370712280273,
    3.868217706680298,
    3.979314088821411,
    3.9158291816711426,
    3.8289804458618164,
    3.954357862472534,
    3.8361129760742188,
    3.9025723934173584,
    3.8993754386901855,
    3.7773916721343994,
    3.959667444229126,
    3.9957218170166016,
    3.8697104454040527,
    3.829244613647461,
    3.8326992988586426,
    3.883251667022705,
    3.9217281341552734,
    3.7551960945129395,
    3.7681455612182617,
    3.766148090362549,
    3.7824411392211914,
    3.947237968444824,
    3.893566370010376,
    3.8535804748535156,
    3.901766538619995,
    3.8699982166290283,
    3.855077028274536,
    3.7932639122009277,
    3.7870914936065674,
    3.7647693157196045,
    3.9918198585510254,
    3.8053131103515625,
    3.9648568630218506,
    3.8878607749938965,
    3.915348529815674,
    3.75838565826416,
    3.867483377456665,
    3.9625067710876465,
    3.9186854362487793,
    3.848067045211792,
    3.8163461685180664,
    3.8057146072387695,
    3.801835060119629,
    3.835031509399414,
    3.8607351779937744,
    3.8492789268493652,
    3.939011573791504,
    3.949209690093994
  ],
  "samples": 45000
}