{
  "loss_log": [
    3.872035503387451,
    3.917698860168457,
    3.9548473358154297,
    3.9292306900024414,
    3.9266719818115234,
    3.9298994541168213,
    3.846184730529785,
    3.894698143005371,
    3.905517101287842,
    3.895480155944824,
    3.834899425506592,
    3.9047913551330566,
    3.922255039215088,
    3.8625640869140625,
    3.8040432929992676,
    3.978297710418701,
    3.9277734756469727,
    3.9478704929351807,
    3.7721827030181885,
    3.871894359588623,
    3.8530123233795166,
    3.8511154651641846,
    3.9477038383483887,
    3.8637514114379883,
    3.8308379650115967,
    3.781376838684082,
    3.8982629776000977,
    3.9017393589019775,
    3.8241567611694336,
    3.849858045578003,
    3.8644824028015137,
    3.897456645965576,
    3.861517906188965,
    3.865041732788086,
    3.8405885696411133,
    3.8784143924713135,
    3.81561541557312,
    3.793867826461792,
    3.86137056350708,
    3.8694753646850586,
    3.8449339866638184,
    3.882399320602417,
    3.8086318969726562,
    3.869692087173462,
    3.998220920562744,
    3.8438539505004883,
    3.84002947807312,
    3.817091941833496,
    3.843064069747925,
    3.9710731506347656,
    3.8930065631866455,
    3.7437801361083984,
    3.8496007919311523,
    3.7939653396606445,
    3.864424705505371,
    3.8993000984191895,
    3.769909143447876,
    3.900984287261963,
    3.7164626121520996,
    3.786208152770996,
    3.76800799369812,
    3.811690330505371,
    3.780552864074707,
    3.831596851348877,
    3.796948194503784,
    3.829739570617676,
    3.8933000564575195,
    3.7797927856445312,
    3.9507288932800293,
    3.932645797729492,
    3.899510383605957,
    3.8023695945739746,
    3.8841004371643066,
    3.862607955932617,
    3.853630781173706,
    3.726677656173706,
    3.8837010860443115,
    3.8946762084960938,
    3.788036823272705
  ],
  "samples": 75000
}