{
  "loss_log": [
    4.269834518432617,
    4.27207088470459,
    4.175136089324951,
    4.19793701171875,
    4.092960834503174,
    4.008733749389648,
    4.065917491912842,
    4.148756504058838,
    4.058789253234863,
    4.075031280517578,
    4.060488700866699,
    4.031235218048096,
    4.075787544250488,
    4.086441516876221,
    4.044625282287598,
    4.051774024963379,
    4.071014404296875,
    4.120438575744629,
    4.019760608673096,
    3.987264633178711,
    4.013367652893066,
    4.10878849029541,
    4.020255088806152,
    4.0326642990112305,
    3.9976959228515625,
    4.0402703285217285,
    4.025603294372559,
    4.037481307983398,
    4.04292106628418,
    3.989074230194092,
    4.07038688659668,
    4.001913070678711,
    4.04095983505249,
    4.008715629577637,
    4.036418914794922,
    4.102542877197266,
    4.069463729858398,
    4.002045154571533,
    4.036396026611328,
    4.008741855621338,
    4.07166862487793,
    4.019977569580078,
    3.977940082550049,
    4.021008491516113,
    3.998203992843628,
    4.058901786804199,
    4.004063606262207,
    3.9996111392974854,
    3.9852957725524902,
    3.9320297241210938,
    4.02605676651001,
    3.997675895690918,
    4.0639190673828125,
    4.000173568725586,
    4.080794811248779,
    3.9941182136535645,
    3.883544921875,
    4.051511764526367,
    4.074077129364014,
    4.005524635314941,
    3.9568867683410645,
    4.1072869300842285,
    4.021783351898193,
    4.022732734680176,
    4.107253551483154,
    4.031358242034912,
    3.9207520484924316,
    4.0948967933654785,
    3.9836928844451904,
    4.014726638793945,
    4.1104230880737305,
    3.9402639865875244,
    3.9813435077667236,
    4.038554668426514,
    4.040942668914795,
    3.985088586807251,
    4.101292133331299,
    4.101196765899658,
    4.077211380004883
  ],
  "samples": 10000
}