{
  "loss_log": [
    5.739328861236572,
    5.221053123474121,
    5.179263591766357,
    4.744608402252197,
    4.516942977905273,
    4.054808616638184,
    4.095448970794678,
    4.018558025360107,
    3.9787607192993164,
    3.9819250106811523,
    4.136054992675781,
    4.0219526290893555,
    4.006279468536377,
    3.872757911682129,
    3.919529438018799,
    3.806260108947754,
    4.067686080932617,
    3.8045856952667236,
    3.80009126663208,
    3.7203304767608643,
    3.872004747390747,
    3.8977718353271484,
    3.764256238937378,
    3.7387990951538086,
    3.8335928916931152,
    3.812683582305908,
    3.9254093170166016,
    3.912536144256592,
    3.766126871109009,
    3.7516982555389404,
    3.721824884414673,
    3.7800021171569824,
    3.860546827316284,
    3.6514859199523926,
    3.6591062545776367,
    3.9764926433563232,
    3.994058847427368,
    3.902341365814209,
    3.7919976711273193,
    3.754988193511963,
    3.7152068614959717,
    3.8092103004455566,
    4.209470748901367,
    4.425207614898682,
    4.505685806274414,
    4.402544021606445,
    4.366753101348877,
    4.209568023681641,
    4.266548156738281,
    4.184875965118408,
    4.177765846252441,
    4.157049179077148,
    4.153548240661621,
    4.158994674682617,
    4.166378021240234,
    4.145712852478027,
    4.128668785095215,
    4.154851913452148,
    4.132952690124512,
    4.108813762664795,
    4.152177810668945,
    4.118630409240723,
    4.141152381896973,
    4.14364767074585,
    4.156510353088379,
    4.074182510375977,
    4.064642906188965,
    4.107916831970215,
    4.111408233642578,
    4.158099174499512,
    4.096681594848633,
    4.145582675933838,
    4.1509480476379395,
    4.103650093078613,
    4.077386856079102,
    4.127638816833496,
    4.111119270324707,
    4.089489936828613,
    4.2279815673828125
  ],
  "samples": 25000
}