{
  "loss_log": [
    6.421318054199219,
    5.606452941894531,
    5.276793479919434,
    5.000895023345947,
    4.616914749145508,
    4.432271480560303,
    4.609920501708984,
    4.414340496063232,
    4.689742088317871,
    3.9044814109802246,
    4.265589714050293,
    4.306896209716797,
    4.195977210998535,
    3.841737747192383,
    3.6561079025268555,
    3.782785415649414,
    3.5019125938415527,
    3.4857404232025146,
    3.521055221557617,
    3.445568323135376,
    3.3848013877868652,
    3.3351190090179443,
    3.160062074661255,
    3.3041844367980957,
    3.331031560897827,
    3.3288698196411133,
    3.176154375076294,
    3.219334602355957,
    3.2779862880706787,
    3.193108320236206,
    3.123750925064087,
    3.198634624481201,
    3.2565948963165283,
    3.3056480884552,
    3.126446008682251,
    3.0734777450561523,
    3.081632614135742,
    3.2084531784057617,
    3.1454389095306396,
    3.140763282775879,
    3.048006534576416,
    3.0151381492614746,
    3.034316062927246,
    3.3058886528015137,
    3.092634677886963,
    3.23024582862854,
    3.1269590854644775,
    3.0873777866363525,
    3.2203433513641357,
    3.1528453826904297,
    3.1608569622039795,
    3.0962958335876465,
    3.2192764282226562,
    3.0539021492004395,
    3.0431041717529297,
    3.0714194774627686,
    3.0124683380126953,
    2.9692256450653076,
    2.9796035289764404,
    3.059129476547241,
    3.0162386894226074,
    3.0649497509002686,
    3.0577473640441895,
    2.8669095039367676,
    2.933302402496338,
    3.0755014419555664,
    3.016489028930664,
    3.0271430015563965,
    3.1436514854431152,
    2.9446310997009277,
    2.935331344604492,
    3.041755199432373,
    3.1805319786071777,
    3.0002071857452393,
    3.117295980453491,
    2.9922566413879395,
    2.9788408279418945,
    3.034428834915161,
    3.035130262374878
  ],
  "samples": 180000
}