{
  "loss_log": [
    7.475186347961426,
    6.786840438842773,
    5.013360500335693,
    4.589387893676758,
    5.174896240234375,
    4.495696067810059,
    4.737260818481445,
    4.31163215637207,
    4.25241756439209,
    4.269216537475586,
    4.336849212646484,
    4.0529375076293945,
    4.071211814880371,
    4.168261528015137,
    3.7584235668182373,
    3.9093387126922607,
    3.899291515350342,
    3.866763114929199,
    3.848149299621582,
    3.6038243770599365,
    3.475780487060547,
    3.620692491531372,
    3.4573159217834473,
    3.538564682006836,
    3.491973400115967,
    3.5790066719055176,
    3.4336953163146973,
    3.402857780456543,
    3.4852044582366943,
    3.3179731369018555,
    3.4021377563476562,
    3.4435508251190186,
    3.3654861450195312,
    3.3048272132873535,
    3.434448003768921,
    3.460728645324707,
    3.332131862640381,
    3.2944934368133545,
    3.283454418182373,
    3.2179372310638428,
    3.219987630844116,
    3.308011531829834,
    3.402214765548706,
    3.300929069519043,
    3.314077377319336,
    3.2501189708709717,
    3.1895031929016113,
    3.2329626083374023,
    3.2478532791137695,
    3.1230413913726807,
    3.267472267150879,
    3.2594828605651855,
    3.0714035034179688,
    3.1038498878479004,
    3.1136300563812256,
    3.2002720832824707,
    3.0183045864105225,
    3.1533405780792236,
    3.1151556968688965,
    3.1747021675109863,
    3.1167287826538086,
    3.040759563446045,
    3.034458875656128,
    3.080695152282715,
    3.0553030967712402,
    2.972543716430664,
    3.098503589630127,
    2.9776062965393066,
    3.0509281158447266,
    2.9680752754211426,
    3.0039610862731934,
    3.075788736343384,
    2.9902613162994385,
    3.002438545227051,
    2.8568782806396484,
    3.0632143020629883,
    2.9190011024475098,
    2.8947415351867676,
    2.8419723510742188
  ],
  "samples": 320000
}