{
  "loss_log": [
    4.302452087402344,
    4.073709487915039,
    4.163594722747803,
    4.03666877746582,
    4.1325764656066895,
    3.9653124809265137,
    4.002143859863281,
    3.996178388595581,
    4.113725185394287,
    4.091299533843994,
    4.0627875328063965,
    4.034278392791748,
    4.031182765960693,
    4.0705671310424805,
    4.030464172363281,
    4.100999355316162,
    4.0299577713012695,
    3.971471071243286,
    4.000240325927734,
    4.095090866088867,
    3.9736247062683105,
    4.169009208679199,
    4.139513969421387,
    4.039862632751465,
    4.054020404815674,
    4.101318359375,
    4.011219501495361,
    4.052951812744141,
    4.015012741088867,
    4.029219150543213,
    4.08350133895874,
    4.043093681335449,
    4.19831657409668,
    4.087857246398926,
    4.0560383796691895,
    4.0391645431518555,
    4.014612674713135,
    4.04594612121582,
    4.025712490081787,
    3.9871912002563477,
    4.081768035888672,
    4.098069190979004,
    3.9713287353515625,
    4.123424530029297,
    4.001189231872559,
    4.036013603210449,
    3.943474292755127,
    4.0440287590026855,
    3.994265556335449,
    3.9593329429626465,
    4.042096138000488,
    3.930215835571289,
    3.9653353691101074,
    3.9874911308288574,
    3.958235263824463,
    4.037714004516602,
    3.9801766872406006,
    4.111180305480957,
    4.003715991973877,
    3.982304811477661,
    4.1286115646362305,
    4.076141357421875,
    3.954970121383667,
    4.0098114013671875,
    3.9957685470581055,
    4.10783052444458,
    4.133501052856445,
    3.944819450378418,
    4.059205055236816,
    4.062566757202148,
    3.9693007469177246,
    4.147058963775635,
    4.000459671020508,
    4.012358665466309,
    4.006626605987549,
    3.9975831508636475,
    4.04525899887085,
    4.028020858764648,
    4.3207316398620605
  ],
  "samples": 90000
}