{
  "loss_log": [
    4.7975640296936035,
    5.047954559326172,
    4.622702598571777,
    4.428137302398682,
    4.497596740722656,
    4.059021949768066,
    3.964352607727051,
    4.102784156799316,
    3.8935723304748535,
    3.9337635040283203,
    3.833472967147827,
    3.8746933937072754,
    3.8519287109375,
    3.8114309310913086,
    3.842177629470825,
    3.9075253009796143,
    3.6880617141723633,
    3.802578926086426,
    3.73359751701355,
    3.6823554039001465,
    3.6640467643737793,
    3.6263160705566406,
    3.6337924003601074,
    3.5319013595581055,
    3.659465789794922,
    3.5463345050811768,
    3.588406801223755,
    3.4493117332458496,
    3.6144375801086426,
    3.486724376678467,
    3.6640281677246094,
    3.441290855407715,
    3.6493449211120605,
    3.4869556427001953,
    3.6213083267211914,
    3.6271543502807617,
    3.4903857707977295,
    3.559191942214966,
    3.5207581520080566,
    3.4442477226257324,
    3.5778300762176514,
    3.4329724311828613,
    3.425124168395996,
    3.52730393409729,
    3.2661802768707275,
    3.445288896560669,
    3.384561061859131,
    3.3767623901367188,
    3.4458024501800537,
    3.3993797302246094,
    3.310321092605591,
    3.396500587463379,
    3.3991661071777344,
    3.216616630554199,
    3.440786123275757,
    3.408541679382324,
    3.166137218475342,
    3.3564295768737793,
    3.4009127616882324,
    3.318915843963623,
    3.303521156311035,
    3.308631658554077,
    3.220686197280884,
    3.3587899208068848,
    3.3089609146118164,
    3.2740354537963867,
    3.437293291091919,
    3.280555248260498,
    3.3799352645874023,
    3.339989185333252,
    3.3045644760131836,
    3.083081007003784,
    3.2763991355895996,
    3.243345022201538,
    3.222616672515869,
    3.1853833198547363,
    3.2370986938476562,
    3.2859344482421875,
    3.1223106384277344
  ],
  "samples": 165000
}