{
  "loss_log": [
    4.18737268447876,
    4.177675247192383,
    4.181093215942383,
    4.16979455947876,
    4.1793413162231445,
    4.174808502197266,
    4.157620429992676,
    4.162271976470947,
    4.158573627471924,
    4.144311904907227,
    4.15170955657959,
    4.141757965087891,
    4.129886627197266,
    4.132539749145508,
    4.112513542175293,
    4.151806831359863,
    4.137582778930664,
    4.097864151000977,
    4.088531970977783,
    4.080593109130859,
    4.063407897949219,
    4.074992656707764,
    4.052599906921387,
    4.047755241394043,
    4.0276360511779785,
    4.073703765869141,
    3.9982528686523438,
    4.083103179931641,
    3.9905378818511963,
    3.89941668510437,
    4.095022678375244,
    3.9235739707946777,
    3.9799327850341797,
    4.019523620605469,
    3.9450392723083496,
    4.084921836853027,
    4.045929908752441,
    3.9743969440460205,
    3.946176528930664,
    4.072914123535156,
    4.017891883850098,
    4.031624794006348,
    3.954969644546509,
    3.909562826156616,
    3.994885206222534,
    3.988900661468506,
    3.8710436820983887,
    3.993178606033325,
    3.9382851123809814,
    3.8901658058166504,
    3.9128599166870117,
    4.024358749389648,
    3.9620795249938965,
    4.067836761474609,
    4.126899242401123,
    3.993671417236328,
    4.050904273986816,
    3.992469310760498,
    3.997145652770996,
    3.8748435974121094,
    3.9528727531433105,
    3.835716962814331,
    4.079041481018066,
    3.932750701904297,
    4.03123664855957,
    3.9363484382629395,
    3.985562562942505,
    3.8592965602874756,
    3.9278647899627686,
    3.8849472999572754,
    3.9385645389556885,
    3.9843497276306152,
    3.8943543434143066,
    3.8919928073883057,
    3.8838047981262207,
    3.9566707611083984,
    3.8069334030151367,
    4.029391288757324,
    3.851208448410034
  ],
  "samples": 5000
}