{
  "loss_log": [
    4.293575286865234,
    4.063094139099121,
    3.7745814323425293,
    3.804226875305176,
    3.7313284873962402,
    3.735245943069458,
    3.562410831451416,
    3.690753936767578,
    3.7524757385253906,
    3.680210590362549,
    3.5823209285736084,
    3.479616641998291,
    3.612974166870117,
    3.6440176963806152,
    3.5093564987182617,
    3.8966660499572754,
    3.5609781742095947,
    3.570219039916992,
    3.632678508758545,
    3.5099334716796875,
    3.6017258167266846,
    3.441143274307251,
    3.47042179107666,
    3.430781364440918,
    3.400176525115967,
    3.405454158782959,
    3.502593994140625,
    3.5150089263916016,
    3.3566761016845703,
    3.3967959880828857,
    3.2940406799316406,
    3.316793203353882,
    3.255363702774048,
    3.2065868377685547,
    3.319225311279297,
    3.2351531982421875,
    3.304471492767334,
    3.313258171081543,
    3.266878604888916,
    3.090524435043335,
    3.3096752166748047,
    3.2528903484344482,
    3.218083381652832,
    3.135864734649658,
    3.016150951385498,
    3.228513479232788,
    2.9976234436035156,
    2.985938549041748,
    2.890404462814331,
    3.0864861011505127,
    2.970961332321167,
    2.9815256595611572,
    2.9835119247436523,
    3.0004754066467285,
    2.930785894393921,
    2.9124107360839844,
    2.9740352630615234,
    2.757229804992676,
    2.7948286533355713,
    2.8535711765289307,
    2.7999379634857178,
    2.939422369003296,
    2.8320059776306152,
    2.858715534210205,
    2.866302251815796,
    2.8904638290405273,
    2.919025421142578,
    2.7463855743408203,
    2.7188682556152344,
    2.7627968788146973,
    2.8018133640289307,
    2.8715672492980957,
    2.740612506866455,
    2.6996870040893555,
    2.9160349369049072,
    2.75346040725708,
    2.665022134780884,
    2.86556077003479,
    2.731813907623291
  ],
  "samples": 235000
}