{
  "loss_log": [
    5.142387390136719,
    4.092835903167725,
    4.702639579772949,
    3.775099992752075,
    3.4865362644195557,
    3.390037775039673,
    3.1330714225769043,
    2.837315559387207,
    3.1223320960998535,
    2.9309797286987305,
    3.0194754600524902,
    3.1695005893707275,
    2.8763794898986816,
    2.701632022857666,
    2.8860926628112793,
    2.854513645172119,
    2.899038553237915,
    2.8066649436950684,
    2.7550408840179443,
    2.872385025024414,
    2.802727222442627,
    2.7414309978485107,
    2.7039318084716797,
    2.746044635772705,
    2.691701889038086,
    2.6539008617401123,
    2.684709310531616,
    2.706372022628784,
    2.68296480178833,
    2.6839447021484375,
    2.676210403442383,
    2.6296582221984863,
    2.58821177482605,
    2.6827197074890137,
    2.642167806625366,
    2.6308345794677734,
    2.634230136871338,
    2.5624489784240723,
    2.6454286575317383,
    2.6228675842285156,
    2.647014856338501,
    2.5931556224823,
    2.5509724617004395,
    2.5998666286468506,
    2.584859848022461,
    2.5745902061462402,
    2.5335893630981445,
    2.522273540496826,
    2.495030403137207,
    2.55780029296875,
    2.528189182281494,
    2.5274853706359863,
    2.5553390979766846,
    2.545778274536133,
    2.493666648864746,
    2.5507164001464844,
    2.5070176124572754,
    2.570878267288208,
    2.5067405700683594,
    2.5399222373962402,
    2.534575939178467,
    2.473769187927246,
    2.4924211502075195,
    2.5171823501586914,
    2.5188920497894287,
    2.4896302223205566,
    2.483078718185425,
    2.5181612968444824,
    2.492310047149658,
    2.5638718605041504,
    2.4978418350219727,
    2.4393129348754883,
    2.486997365951538,
    2.5070571899414062,
    2.4388766288757324,
    2.557236671447754,
    2.446699380874634,
    2.477733612060547,
    2.436832904815674
  ],
  "samples": 260000
}