{
  "loss_log": [
    4.1733479499816895,
    4.154300689697266,
    4.048953056335449,
    4.002092361450195,
    3.9704432487487793,
    4.185937404632568,
    4.019079685211182,
    4.071878910064697,
    4.044328689575195,
    3.9258155822753906,
    4.103857040405273,
    4.011074066162109,
    4.088894367218018,
    4.109692573547363,
    4.083403587341309,
    4.0595622062683105,
    4.016036033630371,
    4.10231876373291,
    4.09490442276001,
    4.132175445556641,
    4.0343427658081055,
    4.053293228149414,
    4.0271525382995605,
    4.006426811218262,
    4.113128662109375,
    4.110095977783203,
    4.090141773223877,
    4.019789695739746,
    4.098282814025879,
    4.187775611877441,
    4.110638618469238,
    4.025479316711426,
    4.039234638214111,
    4.005920886993408,
    3.9807047843933105,
    4.177694797515869,
    4.123089790344238,
    4.070851802825928,
    4.087131500244141,
    4.012694358825684,
    4.1350998878479,
    4.001430511474609,
    4.076152801513672,
    4.087993144989014,
    4.03538703918457,
    4.083758354187012,
    4.085750579833984,
    4.0698652267456055,
    4.043393611907959,
    3.998551845550537,
    4.117951393127441,
    4.034533500671387,
    4.059796333312988,
    4.036931991577148,
    4.030794143676758,
    4.039399147033691,
    4.1006059646606445,
    4.014835834503174,
    4.0192461013793945,
    4.112780570983887,
    4.068062782287598,
    3.97298526763916,
    3.980879783630371,
    4.119994163513184,
    4.065686225891113,
    3.946584701538086,
    3.985706329345703,
    4.099704742431641,
    3.9916627407073975,
    4.088150978088379,
    4.020342826843262,
    3.952692747116089,
    4.091756820678711,
    4.030012130737305,
    4.021331787109375,
    4.080446243286133,
    4.110771179199219,
    4.002310752868652,
    3.8307063579559326
  ],
  "samples": 50000
}