{
  "loss_log": [
    4.042017936706543,
    4.063531875610352,
    4.031556129455566,
    3.925291061401367,
    3.9589672088623047,
    3.7665419578552246,
    3.8567728996276855,
    3.8544905185699463,
    3.8459620475769043,
    3.8098015785217285,
    3.806401491165161,
    3.8513238430023193,
    3.695920467376709,
    3.7547414302825928,
    3.789320468902588,
    3.762932300567627,
    3.691293239593506,
    3.743755340576172,
    3.6588401794433594,
    3.7298827171325684,
    3.729780673980713,
    3.6992428302764893,
    3.693368434906006,
    3.6760082244873047,
    3.618013381958008,
    3.646559715270996,
    3.5883865356445312,
    3.6149234771728516,
    4.060400485992432,
    3.9353678226470947,
    3.658615827560425,
    3.8813676834106445,
    3.773390293121338,
    3.7339932918548584,
    3.719357490539551,
    3.699631929397583,
    3.7727394104003906,
    3.649885892868042,
    3.870065212249756,
    3.699378490447998,
    3.631556510925293,
    3.599471092224121,
    3.6944403648376465,
    3.6075100898742676,
    3.5086193084716797,
    3.6236486434936523,
    3.6640138626098633,
    3.546459674835205,
    3.5622291564941406,
    3.592550277709961,
    3.5969483852386475,
    3.4698681831359863,
    3.4439949989318848,
    3.436450958251953,
    3.3869338035583496,
    3.455533504486084,
    3.4172537326812744,
    3.4124414920806885,
    3.4043188095092773,
    3.3597612380981445,
    3.359675168991089,
    3.383636474609375,
    3.344148874282837,
    3.3322439193725586,
    3.4015955924987793,
    3.2793655395507812,
    3.3198328018188477,
    3.2850799560546875,
    3.2913765907287598,
    3.180907726287842,
    3.2095894813537598,
    3.1490683555603027,
    3.307863235473633,
    3.169715166091919,
    3.2282094955444336,
    3.191565990447998,
    3.035470724105835,
    3.0797011852264404,
    3.127901554107666
  ],
  "samples": 20000
}