{
  "loss_log": [
    4.332075119018555,
    4.074397087097168,
    4.121577739715576,
    4.024219512939453,
    3.9884581565856934,
    4.024300575256348,
    4.007818222045898,
    4.195779800415039,
    4.189777374267578,
    4.0239033699035645,
    3.984936237335205,
    3.995279312133789,
    3.990333080291748,
    4.010319709777832,
    3.901553153991699,
    4.030896186828613,
    4.049162864685059,
    4.028019428253174,
    3.983753204345703,
    4.0149617195129395,
    4.080445289611816,
    3.9841582775115967,
    3.973405599594116,
    4.046631336212158,
    3.953036308288574,
    4.032277584075928,
    3.9417757987976074,
    4.119826793670654,
    4.048751354217529,
    4.054941654205322,
    4.006744384765625,
    3.963960886001587,
    4.0223798751831055,
    3.984071969985962,
    3.98148775100708,
    3.9670944213867188,
    4.059474945068359,
    3.9394474029541016,
    3.931824207305908,
    4.036649703979492,
    3.897740364074707,
    3.99691104888916,
    3.934433937072754,
    3.9281435012817383,
    3.9173495769500732,
    3.934680223464966,
    3.895602226257324,
    3.9895577430725098,
    3.815293788909912,
    3.950112819671631,
    4.012270450592041,
    3.824012041091919,
    3.8287739753723145,
    3.856997489929199,
    3.9105472564697266,
    3.810232639312744,
    3.8104968070983887,
    3.7157793045043945,
    3.841442584991455,
    3.785625696182251,
    3.7808475494384766,
    3.791118621826172,
    3.7389814853668213,
    3.746297836303711,
    3.729492664337158,
    3.711193084716797,
    3.8105809688568115,
    3.672752857208252,
    3.6906626224517822,
    3.7345376014709473,
    3.6755809783935547,
    3.6301441192626953,
    3.693568229675293,
    3.6623482704162598,
    3.567351818084717,
    3.5993261337280273,
    3.698744297027588,
    3.6005921363830566,
    3.6307525634765625
  ],
  "samples": 110000
}