{
  "loss_log": [
    5.597009658813477,
    4.909914970397949,
    4.697604179382324,
    4.361847877502441,
    4.281665325164795,
    4.109755039215088,
    3.8531041145324707,
    3.941084861755371,
    3.884124755859375,
    3.6854372024536133,
    3.6213231086730957,
    3.619997978210449,
    3.693673849105835,
    3.61197829246521,
    3.7662839889526367,
    3.685978412628174,
    3.553393602371216,
    3.5589346885681152,
    3.596569061279297,
    3.461125135421753,
    3.597476005554199,
    3.4074225425720215,
    3.5312013626098633,
    3.4721386432647705,
    3.454345464706421,
    3.468520164489746,
    3.4644575119018555,
    3.2128117084503174,
    3.3647265434265137,
    3.3290436267852783,
    3.302201271057129,
    3.3157906532287598,
    3.313870429992676,
    3.377664089202881,
    3.2716715335845947,
    3.4557065963745117,
    3.149360418319702,
    3.3978307247161865,
    3.250723361968994,
    3.27363920211792,
    3.386770248413086,
    3.2722322940826416,
    3.070218086242676,
    3.364058017730713,
    3.2460291385650635,
    3.3078203201293945,
    3.1477131843566895,
    3.168971061706543,
    3.195570468902588,
    3.1949329376220703,
    3.0756406784057617,
    3.199864387512207,
    3.0681397914886475,
    3.20076060295105,
    3.1621108055114746,
    3.174457550048828,
    3.1159567832946777,
    3.0291640758514404,
    3.043959140777588,
    3.0980968475341797,
    3.02435302734375,
    3.0892131328582764,
    3.021749973297119,
    3.08189058303833,
    3.0246591567993164,
    2.9744272232055664,
    3.064127206802368,
    3.022292137145996,
    3.1154584884643555,
    2.989816665649414,
    3.0937514305114746,
    2.9578676223754883,
    3.0448663234710693,
    2.982724189758301,
    3.040130138397217,
    3.0343666076660156,
    3.0693750381469727,
    3.1103479862213135,
    3.22416353225708
  ],
  "samples": 145000
}