{
  "loss_log": [
    5.648582458496094,
    5.44622802734375,
    5.128725051879883,
    4.684311866760254,
    4.495840549468994,
    4.399941444396973,
    3.8793294429779053,
    4.060969829559326,
    3.8136496543884277,
    3.9845314025878906,
    3.739071846008301,
    3.9781346321105957,
    3.496946334838867,
    3.586172103881836,
    3.6177399158477783,
    3.679093360900879,
    3.600964069366455,
    3.575608253479004,
    3.5726656913757324,
    3.6099510192871094,
    3.47662353515625,
    3.5303797721862793,
    3.481457233428955,
    3.4095966815948486,
    3.512312889099121,
    3.4675374031066895,
    3.489736557006836,
    3.476144313812256,
    3.412426471710205,
    3.428215503692627,
    3.409017562866211,
    3.382128953933716,
    3.316070556640625,
    3.4372146129608154,
    3.42374324798584,
    3.2929208278656006,
    3.3838882446289062,
    3.381718397140503,
    3.3000426292419434,
    3.438117027282715,
    3.2492995262145996,
    3.403728485107422,
    3.3291871547698975,
    3.446138858795166,
    3.2430524826049805,
    3.1754465103149414,
    3.2643420696258545,
    3.3562095165252686,
    3.2780497074127197,
    3.330036163330078,
    3.1994800567626953,
    3.1545941829681396,
    3.2994155883789062,
    3.1880030632019043,
    3.055537700653076,
    3.1823558807373047,
    3.174285888671875,
    3.2645602226257324,
    3.236814498901367,
    3.1388015747070312,
    3.163597583770752,
    3.157294750213623,
    3.1318488121032715,
    3.2017903327941895,
    3.1387600898742676,
    3.167529582977295,
    3.086282968521118,
    3.1292738914489746,
    3.158095359802246,
    3.019479513168335,
    3.0706119537353516,
    3.1424436569213867,
    3.001678705215454,
    3.2073912620544434,
    3.246443271636963,
    3.190101146697998,
    3.1673548221588135,
    3.108747959136963,
    2.944981336593628
  ],
  "samples": 140000
}