{
  "loss_log": [
    5.889602184295654,
    5.317463397979736,
    5.123771667480469,
    4.817530155181885,
    4.8369340896606445,
    5.02260684967041,
    4.469417095184326,
    4.319638252258301,
    4.1454997062683105,
    4.163681983947754,
    3.810168743133545,
    3.56878399848938,
    3.5578255653381348,
    3.5646543502807617,
    3.548280715942383,
    3.510885238647461,
    3.2543132305145264,
    3.1577346324920654,
    3.2997689247131348,
    3.213304042816162,
    3.150075912475586,
    3.059863328933716,
    3.1161551475524902,
    2.987161874771118,
    2.9443917274475098,
    2.930065631866455,
    3.0150485038757324,
    2.9235100746154785,
    2.916471004486084,
    2.9301111698150635,
    2.8612594604492188,
    2.8215138912200928,
    2.907067060470581,
    2.827171802520752,
    2.8041162490844727,
    2.82666277885437,
    2.8637638092041016,
    2.7456696033477783,
    2.7474050521850586,
    2.809357166290283,
    2.6817100048065186,
    2.734212875366211,
    2.794220447540283,
    2.695736885070801,
    2.7566685676574707,
    2.7644901275634766,
    2.641758918762207,
    2.7416462898254395,
    2.6683757305145264,
    2.6775150299072266,
    2.6958606243133545,
    2.6523938179016113,
    2.744699478149414,
    2.7157304286956787,
    2.643507957458496,
    2.701598644256592,
    2.6684799194335938,
    2.5553150177001953,
    2.634655475616455,
    2.6722476482391357,
    2.492554187774658,
    2.620093584060669,
    2.654456615447998,
    2.5299127101898193,
    2.5892481803894043,
    2.5521373748779297,
    2.5346522331237793,
    2.5358211994171143,
    2.5470333099365234,
    2.581099510192871,
    2.530228614807129,
    2.551124095916748,
    2.452653169631958,
    2.5324034690856934,
    2.4819231033325195,
    2.504142999649048,
    2.4799814224243164,
    2.526533603668213,
    2.576240062713623
  ],
  "samples": 315000
}