{
  "loss_log": [
    4.78878116607666,
    4.540859222412109,
    4.4178009033203125,
    4.4065446853637695,
    4.3284430503845215,
    4.253026962280273,
    3.893130302429199,
    3.89509916305542,
    3.796828269958496,
    4.039832592010498,
    3.7806172370910645,
    3.516864776611328,
    3.600973606109619,
    3.6612181663513184,
    3.695708751678467,
    3.3916358947753906,
    3.507232666015625,
    3.3693909645080566,
    3.433176279067993,
    3.3754584789276123,
    3.381028175354004,
    3.247187376022339,
    3.2670130729675293,
    3.2366814613342285,
    3.185936450958252,
    3.2005810737609863,
    3.1709775924682617,
    3.2015860080718994,
    3.1456031799316406,
    3.056727886199951,
    3.0384716987609863,
    3.074289083480835,
    3.091999053955078,
    2.9973273277282715,
    3.0454673767089844,
    3.042388439178467,
    2.9752326011657715,
    2.9654548168182373,
    3.0142743587493896,
    3.018047332763672,
    2.927168846130371,
    2.896254062652588,
    2.8981809616088867,
    2.918954849243164,
    2.9054574966430664,
    2.828047513961792,
    2.792271614074707,
    2.8549985885620117,
    2.729729175567627,
    2.7828516960144043,
    2.7721362113952637,
    2.7984750270843506,
    2.792757511138916,
    2.74704647064209,
    2.7094686031341553,
    2.7230708599090576,
    2.7196388244628906,
    2.6499459743499756,
    2.7050893306732178,
    2.7032470703125,
    2.6757936477661133,
    2.5622081756591797,
    2.6642074584960938,
    2.746736526489258,
    2.7188587188720703,
    2.631305694580078,
    2.6234641075134277,
    2.639296054840088,
    2.573573112487793,
    2.5988430976867676,
    2.640134811401367,
    2.57757830619812,
    2.6453444957733154,
    2.595787525177002,
    2.6533045768737793,
    2.6368937492370605,
    2.5945663452148438,
    2.558155059814453,
    2.5440051555633545
  ],
  "samples": 310000
}