{
  "loss_log": [
    6.415563583374023,
    5.745500087738037,
    5.464832782745361,
    5.667677402496338,
    5.0916547775268555,
    4.890544891357422,
    4.828428268432617,
    4.617621421813965,
    4.591915130615234,
    4.329790115356445,
    4.3476243019104,
    4.008603096008301,
    4.2659430503845215,
    4.010932922363281,
    3.858170747756958,
    3.3393802642822266,
    3.6787281036376953,
    3.332327127456665,
    3.2881131172180176,
    3.572887420654297,
    3.323352813720703,
    3.2123842239379883,
    3.3564229011535645,
    3.129133701324463,
    3.103304147720337,
    3.1112735271453857,
    3.0141611099243164,
    3.2229321002960205,
    3.0936965942382812,
    3.1112823486328125,
    3.1826913356781006,
    2.977742910385132,
    3.062000274658203,
    3.0206241607666016,
    2.9792327880859375,
    3.0495338439941406,
    3.060093402862549,
    3.007953405380249,
    3.046703338623047,
    3.1756415367126465,
    3.011641025543213,
    2.9934380054473877,
    3.1123597621917725,
    3.075432300567627,
    3.1090524196624756,
    3.0711660385131836,
    2.853774070739746,
    2.865300178527832,
    2.8837084770202637,
    2.9464404582977295,
    2.8897452354431152,
    2.892455577850342,
    2.914616346359253,
    2.877384901046753,
    2.88163685798645,
    2.828852891921997,
    2.9290289878845215,
    2.809901237487793,
    2.7819738388061523,
    2.891261339187622,
    2.682753562927246,
    2.8495137691497803,
    2.709507465362549,
    2.751770257949829,
    2.757201671600342,
    2.7443103790283203,
    2.8002216815948486,
    2.785632610321045,
    2.8067617416381836,
    2.8900623321533203,
    2.813197135925293,
    2.7715444564819336,
    2.7714877128601074,
    2.7761833667755127,
    2.9258549213409424,
    2.77419376373291,
    2.7753520011901855,
    2.7654576301574707,
    2.965485095977783
  ],
  "samples": 195000
}