{
  "loss_log": [
    4.045535087585449,
    4.0377302169799805,
    4.051064968109131,
    4.051326751708984,
    3.9973323345184326,
    3.992401361465454,
    4.022303581237793,
    4.006685256958008,
    4.054546356201172,
    4.045276165008545,
    4.102473258972168,
    4.03398323059082,
    4.080993175506592,
    3.958963632583618,
    3.9818978309631348,
    4.060340881347656,
    3.9993984699249268,
    3.9796810150146484,
    4.039783954620361,
    3.9748263359069824,
    4.0130157470703125,
    3.9887428283691406,
    3.8851349353790283,
    3.9768776893615723,
    3.9668753147125244,
    4.001164436340332,
    4.014441013336182,
    4.092136383056641,
    3.949498176574707,
    4.099287986755371,
    3.9049062728881836,
    4.057384490966797,
    3.8619537353515625,
    3.993772029876709,
    3.9287524223327637,
    4.018435001373291,
    3.9128682613372803,
    3.9630861282348633,
    3.932896614074707,
    3.9076521396636963,
    3.8215596675872803,
    3.8291807174682617,
    3.8217973709106445,
    3.925905227661133,
    3.861117362976074,
    3.8485617637634277,
    3.879265308380127,
    3.79512882232666,
    3.5854551792144775,
    4.062354564666748,
    3.791773557662964,
    3.690199375152588,
    3.822042942047119,
    3.8458456993103027,
    3.9522838592529297,
    3.956022262573242,
    3.897907257080078,
    3.9030823707580566,
    3.8936634063720703,
    3.8237552642822266,
    3.7531280517578125,
    4.0554938316345215,
    3.748293876647949,
    3.959456443786621,
    3.9249703884124756,
    3.8341610431671143,
    3.78249454498291,
    3.696369171142578,
    3.729034662246704,
    3.747227668762207,
    3.7295336723327637,
    3.7274868488311768,
    3.766873359680176,
    3.811506986618042,
    3.8025598526000977,
    3.759359836578369,
    3.8005876541137695,
    3.846917152404785,
    3.836089849472046
  ],
  "samples": 15000
}