{
  "loss_log": [
    6.720521926879883,
    5.630967140197754,
    5.2602434158325195,
    5.99336051940918,
    5.576454162597656,
    4.626193046569824,
    5.181408405303955,
    4.695530891418457,
    4.509480953216553,
    4.628580570220947,
    4.0766801834106445,
    4.711950302124023,
    4.038438320159912,
    3.888101816177368,
    4.054777145385742,
    4.175169467926025,
    3.9840643405914307,
    3.908588171005249,
    4.147014617919922,
    3.83771014213562,
    3.8512260913848877,
    3.9640278816223145,
    3.8684420585632324,
    3.913501501083374,
    3.7472739219665527,
    3.7090656757354736,
    3.7656984329223633,
    3.8395965099334717,
    3.8390092849731445,
    3.7049195766448975,
    3.7358155250549316,
    3.772329807281494,
    3.717759609222412,
    3.678290843963623,
    3.6256635189056396,
    3.693955421447754,
    3.7245993614196777,
    3.6614818572998047,
    3.5833704471588135,
    3.6997742652893066,
    3.6521143913269043,
    3.5336170196533203,
    3.627530574798584,
    3.467331647872925,
    3.6603710651397705,
    3.50018310546875,
    3.5262889862060547,
    3.564115285873413,
    3.393646240234375,
    3.462315082550049,
    3.3646745681762695,
    3.451805591583252,
    3.3806939125061035,
    3.3493411540985107,
    3.219860076904297,
    3.449042558670044,
    3.398499011993408,
    3.3310999870300293,
    3.31260085105896,
    3.3828248977661133,
    3.2608230113983154,
    3.3215761184692383,
    3.285919666290283,
    3.212263584136963,
    3.3145182132720947,
    3.144179344177246,
    3.199559211730957,
    3.1184887886047363,
    3.180622100830078,
    3.149885654449463,
    3.2447509765625,
    3.200608015060425,
    3.1448135375976562,
    2.999293804168701,
    3.048128128051758,
    3.082207202911377,
    3.1156861782073975,
    3.086768388748169,
    3.0868887901306152
  ],
  "samples": 270000
}