{
  "loss_log": [
    6.829602241516113,
    6.503603935241699,
    7.167044639587402,
    5.537890434265137,
    5.315958023071289,
    4.817933082580566,
    4.564413070678711,
    4.186020374298096,
    4.625420570373535,
    4.074653148651123,
    3.8833138942718506,
    3.7955782413482666,
    3.7577428817749023,
    3.569955825805664,
    3.5095677375793457,
    3.4833900928497314,
    3.309635639190674,
    3.3214666843414307,
    3.2861905097961426,
    3.290228843688965,
    3.3291285037994385,
    3.12983775138855,
    3.226487159729004,
    3.2648983001708984,
    3.090628147125244,
    3.1460349559783936,
    3.0272672176361084,
    3.082571506500244,
    3.059096097946167,
    3.286381721496582,
    3.2436256408691406,
    2.935635566711426,
    3.2290730476379395,
    3.22670578956604,
    3.081071376800537,
    3.0049421787261963,
    3.068100929260254,
    3.024322271347046,
    2.9034602642059326,
    2.9717559814453125,
    3.0811526775360107,
    3.024179458618164,
    3.0632266998291016,
    2.9381823539733887,
    2.916578531265259,
    2.874692440032959,
    2.8267130851745605,
    2.8462891578674316,
    2.76629638671875,
    2.8440797328948975,
    2.7450289726257324,
    2.8363466262817383,
    2.7734060287475586,
    2.8262646198272705,
    2.693336009979248,
    2.785496711730957,
    2.927072763442993,
    2.817631483078003,
    2.6964311599731445,
    2.6965830326080322,
    2.764036178588867,
    2.8495020866394043,
    2.6946120262145996,
    2.7353708744049072,
    2.7968523502349854,
    2.8059775829315186,
    2.897125720977783,
    2.8072926998138428,
    2.639998197555542,
    2.7683074474334717,
    2.7660229206085205,
    2.6867198944091797,
    2.822147846221924,
    2.849029064178467,
    2.757598400115967,
    2.794299602508545,
    2.7517709732055664,
    2.6577539443969727,
    2.567084550857544
  ],
  "samples": 185000
}