{
  "loss_log": [
    4.185635566711426,
    4.165273666381836,
    4.134909629821777,
    4.118264198303223,
    4.095455169677734,
    4.110598564147949,
    4.1393609046936035,
    4.1231184005737305,
    4.139504432678223,
    4.086912155151367,
    4.132600784301758,
    4.159930229187012,
    4.166891098022461,
    4.112175941467285,
    4.09013557434082,
    4.056021690368652,
    4.141242504119873,
    4.120918273925781,
    4.07228422164917,
    4.098626613616943,
    4.0391106605529785,
    4.0753021240234375,
    4.036815166473389,
    3.9714338779449463,
    4.074557781219482,
    4.127745151519775,
    4.033053398132324,
    4.097914695739746,
    4.143758296966553,
    3.9977593421936035,
    4.087556838989258,
    3.949748992919922,
    3.9232378005981445,
    4.0274858474731445,
    4.114326477050781,
    4.107503890991211,
    4.135468482971191,
    4.004208564758301,
    4.067038059234619,
    4.022228240966797,
    4.113766670227051,
    4.113000392913818,
    4.024134635925293,
    4.093347549438477,
    4.004880905151367,
    3.975139856338501,
    4.019904136657715,
    4.050501346588135,
    3.9629039764404297,
    4.079063415527344,
    4.017674446105957,
    3.9811887741088867,
    4.061223983764648,
    4.009472370147705,
    4.079841613769531,
    4.008190155029297,
    4.063775062561035,
    4.040997505187988,
    3.999763250350952,
    3.9630556106567383,
    4.179876327514648,
    4.052210807800293,
    3.992668628692627,
    4.082293510437012,
    4.050400257110596,
    4.125250816345215,
    4.0793046951293945,
    4.12685489654541,
    4.078794479370117,
    4.100155830383301,
    4.004046440124512,
    4.116395473480225,
    4.047732353210449,
    4.125126838684082,
    4.056073188781738,
    4.084178447723389,
    3.987602472305298,
    4.013845443725586,
    3.9620940685272217
  ],
  "samples": 35000
}