{
  "loss_log": [
    4.476743698120117,
    4.661463737487793,
    4.838820934295654,
    4.064898490905762,
    4.206760406494141,
    3.7063920497894287,
    3.805772304534912,
    3.2461471557617188,
    3.419741630554199,
    3.2758255004882812,
    2.9043314456939697,
    2.9543962478637695,
    3.2799158096313477,
    2.89197039604187,
    2.827995777130127,
    3.048321008682251,
    2.858337163925171,
    2.9269638061523438,
    2.8801965713500977,
    2.8305506706237793,
    2.956331729888916,
    2.8684356212615967,
    2.930473804473877,
    2.854771614074707,
    2.785264015197754,
    2.746428966522217,
    2.7436041831970215,
    2.9396941661834717,
    2.685861587524414,
    2.738090991973877,
    2.700824022293091,
    2.7689080238342285,
    2.650996208190918,
    2.7797369956970215,
    2.742612838745117,
    2.713846206665039,
    2.8866028785705566,
    2.7103445529937744,
    2.661808490753174,
    2.6244683265686035,
    2.589486598968506,
    2.632842540740967,
    2.768986701965332,
    2.6439261436462402,
    2.723769187927246,
    2.8293097019195557,
    2.6437394618988037,
    2.642113208770752,
    2.668255567550659,
    2.633598804473877,
    2.71604585647583,
    2.7692089080810547,
    2.626006603240967,
    2.8308935165405273,
    2.596303701400757,
    2.668501377105713,
    2.654601573944092,
    2.620623826980591,
    2.632819175720215,
    2.476337194442749,
    2.654726982116699,
    2.5212912559509277,
    2.554412841796875,
    2.570345640182495,
    2.59936261177063,
    2.633782386779785,
    2.613386869430542,
    2.5247771739959717,
    2.5413050651550293,
    2.5851216316223145,
    2.573490858078003,
    2.6821537017822266,
    2.5760269165039062,
    2.6469883918762207,
    2.5496575832366943,
    2.576242685317993,
    2.5656802654266357,
    2.622274398803711,
    2.8033347129821777
  ],
  "samples": 245000
}