{
  "loss_log": [
    3.910447359085083,
    3.928800344467163,
    3.934329032897949,
    3.926968574523926,
    3.8850326538085938,
    3.925992488861084,
    3.835557460784912,
    3.8193607330322266,
    3.989044189453125,
    3.896033763885498,
    3.9270591735839844,
    3.844755172729492,
    3.923980951309204,
    3.839834690093994,
    3.8744091987609863,
    3.8320391178131104,
    3.8848326206207275,
    3.7735095024108887,
    3.819877862930298,
    4.003549575805664,
    3.8661751747131348,
    3.8653554916381836,
    3.8946056365966797,
    3.837843179702759,
    3.8088040351867676,
    3.8969335556030273,
    3.901733636856079,
    3.8648204803466797,
    3.8401288986206055,
    3.918306827545166,
    3.8162763118743896,
    3.8802714347839355,
    3.812879800796509,
    3.8836941719055176,
    3.7850356101989746,
    3.9016494750976562,
    3.9642250537872314,
    3.8490891456604004,
    3.8784165382385254,
    3.8794608116149902,
    3.8590145111083984,
    3.8296446800231934,
    3.915229320526123,
    3.843766450881958,
    3.789825677871704,
    3.8753128051757812,
    3.8217203617095947,
    3.886474132537842,
    3.874622106552124,
    3.841122627258301,
    3.8650155067443848,
    3.8508965969085693,
    3.8104629516601562,
    3.9232165813446045,
    3.868887424468994,
    3.8750672340393066,
    3.9797863960266113,
    3.7795557975769043,
    3.7578601837158203,
    3.788053274154663,
    3.949812412261963,
    3.848963975906372,
    3.8511805534362793,
    3.8771719932556152,
    3.8676199913024902,
    3.822415828704834,
    3.805236339569092,
    3.8425583839416504,
    3.8384594917297363,
    3.8407576084136963,
    3.768019199371338,
    3.8476905822753906,
    3.8921267986297607,
    3.845583915710449,
    3.764190196990967,
    3.799131393432617,
    3.8695602416992188,
    3.8655426502227783,
    3.699406623840332
  ],
  "samples": 40000
}