{
  "loss_log": [
    3.983898639678955,
    3.9962992668151855,
    3.953382730484009,
    3.852781295776367,
    3.868091106414795,
    3.941429615020752,
    3.8536670207977295,
    3.816530227661133,
    3.926999568939209,
    3.898458242416382,
    3.827022075653076,
    3.9288320541381836,
    3.8031275272369385,
    3.8977246284484863,
    3.8411295413970947,
    3.843479871749878,
    3.7637364864349365,
    3.8355042934417725,
    3.819927215576172,
    3.813927412033081,
    3.869964599609375,
    3.886516571044922,
    3.8749566078186035,
    3.901989459991455,
    3.7964181900024414,
    3.800158739089966,
    3.726172924041748,
    3.915867567062378,
    3.7852494716644287,
    3.8078651428222656,
    3.845032215118408,
    3.9142262935638428,
    3.8565549850463867,
    3.954998254776001,
    3.9492337703704834,
    4.005852699279785,
    3.7958478927612305,
    3.8641281127929688,
    3.912261962890625,
    3.899888038635254,
    3.8751673698425293,
    3.863691806793213,
    3.9200375080108643,
    3.8533036708831787,
    3.92136812210083,
    3.896512031555176,
    3.8866710662841797,
    3.9150166511535645,
    3.85264253616333,
    3.8520662784576416,
    3.9092650413513184,
    3.835935592651367,
    3.877444267272949,
    3.8196892738342285,
    3.8627190589904785,
    3.843869209289551,
    3.935680389404297,
    3.8801028728485107,
    3.827091693878174,
    3.940340518951416,
    3.7755184173583984,
    3.781367063522339,
    3.8012351989746094,
    3.7960338592529297,
    3.919093370437622,
    3.8760151863098145,
    3.902421474456787,
    3.767190933227539,
    3.848325729370117,
    3.7687199115753174,
    3.7995808124542236,
    3.7922847270965576,
    3.9280967712402344,
    3.8659827709198,
    3.835148811340332,
    3.896509885787964,
    3.8302078247070312,
    3.850351333618164,
    4.256907939910889
  ],
  "samples": 85000
}