{
  "loss_log": [
    8.03080940246582,
    6.487288951873779,
    6.022436141967773,
    6.252991676330566,
    5.396852493286133,
    4.977929592132568,
    4.857202529907227,
    5.33541202545166,
    4.557497024536133,
    4.543416976928711,
    4.584987163543701,
    4.7133283615112305,
    4.34751033782959,
    4.359994888305664,
    3.959233045578003,
    3.8026881217956543,
    3.781444549560547,
    3.7901611328125,
    3.762904405593872,
    3.6833345890045166,
    3.7768983840942383,
    3.5868067741394043,
    3.698131561279297,
    3.648425340652466,
    3.674997329711914,
    3.5988779067993164,
    3.569270610809326,
    3.5970141887664795,
    3.5581488609313965,
    3.6107826232910156,
    3.6504106521606445,
    3.5868301391601562,
    3.6175475120544434,
    3.5257668495178223,
    3.5999488830566406,
    3.570537567138672,
    3.477168560028076,
    3.5268187522888184,
    3.5417160987854004,
    3.478454828262329,
    3.4326860904693604,
    3.4890384674072266,
    3.384322166442871,
    3.3796682357788086,
    3.464940071105957,
    3.50577974319458,
    3.389272689819336,
    3.3811984062194824,
    3.260313034057617,
    3.435743808746338,
    3.4276270866394043,
    3.374727725982666,
    3.4626827239990234,
    3.244816780090332,
    3.4353528022766113,
    3.2083792686462402,
    3.2890806198120117,
    3.3087213039398193,
    3.1897826194763184,
    3.144657611846924,
    3.175905227661133,
    3.2249629497528076,
    3.238356828689575,
    3.128875255584717,
    3.1341986656188965,
    3.290060520172119,
    3.1120166778564453,
    3.121145009994507,
    3.087581157684326,
    3.169370651245117,
    3.0235304832458496,
    3.1702513694763184,
    3.068296432495117,
    3.094904899597168,
    3.068143844604492,
    3.198564052581787,
    2.990349292755127,
    3.0848326683044434,
    2.8728554248809814
  ],
  "samples": 285000
}