{
  "loss_log": [
    4.715813636779785,
    4.2107954025268555,
    3.7866413593292236,
    4.271304130554199,
    3.889679431915283,
    3.7584335803985596,
    3.809075117111206,
    3.827359199523926,
    3.5816779136657715,
    3.477726459503174,
    3.465111494064331,
    3.475893020629883,
    3.4509148597717285,
    3.317152976989746,
    3.2624363899230957,
    3.241708755493164,
    3.2414937019348145,
    3.224436044692993,
    3.167851448059082,
    3.2505149841308594,
    3.111570358276367,
    3.097815990447998,
    3.185795783996582,
    3.072350025177002,
    3.0599138736724854,
    3.0135278701782227,
    3.0122528076171875,
    2.9521098136901855,
    2.983659267425537,
    3.038723945617676,
    2.9294891357421875,
    2.932541608810425,
    2.9652633666992188,
    2.900369882583618,
    2.91440486907959,
    2.9477744102478027,
    2.875016689300537,
    2.8577022552490234,
    2.9373269081115723,
    2.9167494773864746,
    2.8874130249023438,
    2.730757236480713,
    2.916226387023926,
    2.8986494541168213,
    2.8624205589294434,
    2.817803382873535,
    2.7849955558776855,
    2.785306215286255,
    2.7802541255950928,
    2.8454179763793945,
    2.7360100746154785,
    2.7481307983398438,
    2.820204019546509,
    2.786194086074829,
    2.6936612129211426,
    2.808424472808838,
    2.6933858394622803,
    2.684680223464966,
    2.739457607269287,
    2.797422170639038,
    2.7680697441101074,
    2.659292221069336,
    2.6910598278045654,
    2.680898427963257,
    2.634552001953125,
    2.6949384212493896,
    2.6226649284362793,
    2.709237813949585,
    2.638485908508301,
    2.691890239715576,
    2.6266655921936035,
    2.6335768699645996,
    2.651296854019165,
    2.7160229682922363,
    2.6104893684387207,
    2.7384514808654785,
    2.5830984115600586,
    2.6362881660461426,
    2.6897382736206055
  ],
  "samples": 255000
}