{
  "loss_log": [
    6.222712516784668,
    6.174344539642334,
    5.659803867340088,
    5.388303756713867,
    5.75554084777832,
    4.641402244567871,
    4.992635726928711,
    4.767663478851318,
    4.863009452819824,
    4.500513076782227,
    4.538416862487793,
    3.905323028564453,
    3.725804567337036,
    3.6810083389282227,
    3.8210842609405518,
    3.5373337268829346,
    3.3596038818359375,
    3.443876266479492,
    3.306551456451416,
    3.531047821044922,
    3.3243918418884277,
    3.3006606101989746,
    3.2093043327331543,
    3.302245616912842,
    3.2421751022338867,
    3.2070064544677734,
    3.151968002319336,
    3.00057315826416,
    3.048407554626465,
    3.0871660709381104,
    3.2000043392181396,
    3.1841635704040527,
    2.9833219051361084,
    3.072880506515503,
    3.016134262084961,
    2.949894666671753,
    3.054765224456787,
    3.0764968395233154,
    3.02439546585083,
    2.9644293785095215,
    2.990415096282959,
    2.8899574279785156,
    2.9561948776245117,
    2.88912296295166,
    3.0758934020996094,
    2.9816105365753174,
    2.9615073204040527,
    2.8525757789611816,
    2.864340305328369,
    2.9786417484283447,
    3.0334911346435547,
    2.9223499298095703,
    2.9062185287475586,
    2.8489179611206055,
    2.7498905658721924,
    2.856966972351074,
    2.9334163665771484,
    2.874687910079956,
    2.8223071098327637,
    2.731374979019165,
    3.0476431846618652,
    2.8127191066741943,
    2.8326923847198486,
    2.851825714111328,
    2.7167375087738037,
    2.864999294281006,
    2.7205591201782227,
    2.909916877746582,
    2.763493061065674,
    2.866119861602783,
    2.594780921936035,
    2.841064691543579,
    2.836456298828125,
    2.769165515899658,
    2.9051506519317627,
    2.870230197906494,
    2.7906999588012695,
    2.778048038482666,
    2.8085289001464844
  ],
  "samples": 190000
}