{
  "loss_log": [
    9.094805717468262,
    6.682997226715088,
    6.223935604095459,
    6.461546421051025,
    6.103381633758545,
    5.787008285522461,
    5.6329450607299805,
    4.84633731842041,
    4.552715301513672,
    5.051403999328613,
    5.307216644287109,
    4.437213897705078,
    4.290032386779785,
    4.244109153747559,
    4.182697296142578,
    4.532628059387207,
    4.649538040161133,
    4.175548076629639,
    4.221168518066406,
    3.9506568908691406,
    4.064879417419434,
    4.155962944030762,
    4.0614752769470215,
    4.307026386260986,
    4.027756690979004,
    3.956465244293213,
    3.916198492050171,
    3.964165687561035,
    3.9812705516815186,
    3.9665184020996094,
    3.9567384719848633,
    3.90317964553833,
    3.9571285247802734,
    3.958524227142334,
    3.9319872856140137,
    3.850083351135254,
    3.858729839324951,
    3.848134994506836,
    3.785978078842163,
    4.014126777648926,
    3.8556365966796875,
    3.870121955871582,
    3.738434076309204,
    3.867161273956299,
    3.8072147369384766,
    3.821269989013672,
    3.7925024032592773,
    3.897462844848633,
    3.834653377532959,
    3.7851181030273438,
    3.8747754096984863,
    3.787916898727417,
    3.6321358680725098,
    3.6708498001098633,
    3.718165397644043,
    3.80515718460083,
    3.7643866539001465,
    3.5470616817474365,
    3.5942792892456055,
    3.5346994400024414,
    3.676344871520996,
    3.6962368488311768,
    3.544106960296631,
    3.556995153427124,
    3.5689964294433594,
    3.5055432319641113,
    3.5871095657348633,
    3.527487277984619,
    3.7194156646728516,
    3.6547775268554688,
    3.42573618888855,
    3.4992876052856445,
    3.582087993621826,
    3.5116326808929443,
    3.368995189666748,
    3.5388870239257812,
    3.4328551292419434,
    3.4592254161834717,
    3.5069117546081543
  ],
  "samples": 230000
}