{
  "loss_log": [
    5.071240425109863,
    4.801380157470703,
    5.008618354797363,
    4.492348670959473,
    4.631603717803955,
    4.517337799072266,
    4.415622711181641,
    4.084079742431641,
    4.049785137176514,
    3.96759033203125,
    3.797943592071533,
    3.8155922889709473,
    3.774622917175293,
    3.7951014041900635,
    3.891265392303467,
    3.9085984230041504,
    3.607996940612793,
    3.5098345279693604,
    3.6605124473571777,
    3.59320330619812,
    3.5571963787078857,
    3.423651695251465,
    3.4530413150787354,
    3.3665425777435303,
    3.414397716522217,
    3.379729747772217,
    3.3046464920043945,
    3.4875733852386475,
    3.4641809463500977,
    3.3131043910980225,
    3.2725887298583984,
    3.3433945178985596,
    3.3866546154022217,
    3.2199723720550537,
    3.313962459564209,
    3.4178504943847656,
    3.3489127159118652,
    3.149064540863037,
    3.110569953918457,
    3.241395950317383,
    3.131286859512329,
    3.210451602935791,
    3.143756866455078,
    3.1044321060180664,
    3.0244808197021484,
    3.0783982276916504,
    3.1133241653442383,
    3.004056930541992,
    2.964402437210083,
    3.0048165321350098,
    3.070371150970459,
    3.070683002471924,
    3.0571956634521484,
    3.1101369857788086,
    2.979640245437622,
    2.846179723739624,
    2.884594678878784,
    3.0623016357421875,
    2.958252429962158,
    3.119525909423828,
    3.004011631011963,
    2.994490146636963,
    2.8622541427612305,
    2.9622836112976074,
    3.021057605743408,
    2.88742733001709,
    3.107431173324585,
    2.817647933959961,
    2.843724489212036,
    2.8899641036987305,
    2.8260159492492676,
    2.70339298248291,
    2.8946433067321777,
    2.902940273284912,
    2.7417619228363037,
    2.8860902786254883,
    2.6330275535583496,
    2.90480899810791,
    2.904869318008423
  ],
  "samples": 220000
}