{
  "loss_log": [
    6.692474842071533,
    6.161348819732666,
    6.576504707336426,
    5.304251194000244,
    4.846502304077148,
    5.0024871826171875,
    4.770124435424805,
    4.866086483001709,
    4.7295989990234375,
    4.374309062957764,
    4.263908386230469,
    4.113085746765137,
    4.004993915557861,
    3.7975029945373535,
    3.8230156898498535,
    3.7927136421203613,
    3.700579881668091,
    3.629147529602051,
    3.7174291610717773,
    3.6854023933410645,
    3.764848470687866,
    3.5217227935791016,
    3.458651065826416,
    3.55488657951355,
    3.5234153270721436,
    3.436796188354492,
    3.4468514919281006,
    3.41365385055542,
    3.4177634716033936,
    3.2787561416625977,
    3.4316112995147705,
    3.470078706741333,
    3.49613094329834,
    3.35135817527771,
    3.442746877670288,
    3.2836434841156006,
    3.3892111778259277,
    3.2990970611572266,
    3.2020723819732666,
    3.20210599899292,
    3.2504940032958984,
    3.4225268363952637,
    3.1888277530670166,
    3.2100589275360107,
    3.2919201850891113,
    3.072510242462158,
    3.019108772277832,
    3.027420997619629,
    3.0709404945373535,
    3.0659689903259277,
    3.1293249130249023,
    3.245086431503296,
    3.041487216949463,
    2.9751176834106445,
    3.036776542663574,
    3.003584384918213,
    3.031324863433838,
    3.0664892196655273,
    3.156290054321289,
    3.0998847484588623,
    3.0869805812835693,
    3.1358838081359863,
    3.040584087371826,
    3.086447238922119,
    3.0678606033325195,
    3.0732216835021973,
    3.0233216285705566,
    2.965421676635742,
    3.0403318405151367,
    2.9156575202941895,
    2.9649102687835693,
    2.9626362323760986,
    2.9264161586761475,
    2.8849806785583496,
    2.953464984893799,
    2.9145517349243164,
    2.8610763549804688,
    2.972012996673584,
    2.9317665100097656
  ],
  "samples": 210000
}