{
  "loss_log": [
    4.054614543914795,
    3.92872953414917,
    3.8087387084960938,
    3.9081218242645264,
    3.893066644668579,
    3.894603729248047,
    3.7162394523620605,
    3.7835500240325928,
    3.8749139308929443,
    3.9179439544677734,
    3.951751708984375,
    3.885263442993164,
    3.8250198364257812,
    3.9069056510925293,
    3.8914732933044434,
    3.7529520988464355,
    3.917963981628418,
    3.8690896034240723,
    3.841688632965088,
    3.8318943977355957,
    3.813706874847412,
    3.784865617752075,
    3.777492046356201,
    3.792947292327881,
    3.7699129581451416,
    3.8930726051330566,
    3.7658700942993164,
    3.845902919769287,
    3.8481287956237793,
    3.848629951477051,
    3.857759952545166,
    4.0719099044799805,
    3.9875080585479736,
    3.858797788619995,
    3.7920947074890137,
    3.868147373199463,
    3.833622455596924,
    3.8912386894226074,
    3.750859260559082,
    3.8976261615753174,
    3.8451273441314697,
    3.799614429473877,
    3.8167319297790527,
    3.8417999744415283,
    3.8093228340148926,
    3.7543857097625732,
    3.8142411708831787,
    3.766360282897949,
    3.819472551345825,
    3.7597999572753906,
    3.843344211578369,
    3.7835772037506104,
    3.7906875610351562,
    3.724149465560913,
    3.7247772216796875,
    3.7760164737701416,
    3.708500385284424,
    3.756256341934204,
    3.792222023010254,
    3.7498321533203125,
    3.9299607276916504,
    3.650388240814209,
    3.783450126647949,
    3.759594440460205,
    3.7983598709106445,
    3.9898412227630615,
    3.7850024700164795,
    3.900416851043701,
    3.82816219329834,
    3.8878073692321777,
    3.983318328857422,
    3.8242387771606445,
    3.8837621212005615,
    3.856388568878174,
    3.872926712036133,
    3.885471820831299,
    3.896251916885376,
    3.787783145904541,
    3.948594570159912
  ],
  "samples": 100000
}