{
  "loss_log": [
    6.226260662078857,
    6.205911636352539,
    5.00183629989624,
    5.425817489624023,
    5.636008262634277,
    5.088235378265381,
    4.885377407073975,
    4.722377300262451,
    4.6056413650512695,
    4.476506233215332,
    4.594663619995117,
    4.284821510314941,
    4.204050064086914,
    4.158267021179199,
    4.053536415100098,
    3.9531726837158203,
    4.1345343589782715,
    3.7851834297180176,
    3.8008525371551514,
    3.7304227352142334,
    3.6737475395202637,
    3.6649603843688965,
    3.70097279548645,
    3.60565185546875,
    3.5104610919952393,
    3.5418100357055664,
    3.4600141048431396,
    3.5529158115386963,
    3.5543179512023926,
    3.4879512786865234,
    3.406614303588867,
    3.4968838691711426,
    3.549621105194092,
    3.3698906898498535,
    3.557741165161133,
    3.58449125289917,
    3.5118517875671387,
    3.4999756813049316,
    3.526662588119507,
    3.5264880657196045,
    3.326953411102295,
    3.496082305908203,
    3.7167787551879883,
    3.6438188552856445,
    3.408022880554199,
    3.661088466644287,
    3.6169190406799316,
    3.489927291870117,
    3.372490882873535,
    3.4436426162719727,
    3.7840616703033447,
    3.707761287689209,
    3.5972371101379395,
    3.349824905395508,
    3.5124175548553467,
    3.5020694732666016,
    3.279818058013916,
    3.2157256603240967,
    3.571009635925293,
    3.367213487625122,
    3.181136131286621,
    3.415214776992798,
    3.4767613410949707,
    3.3004515171051025,
    3.324409008026123,
    3.421529531478882,
    3.3079700469970703,
    3.2403464317321777,
    3.123141288757324,
    3.237595558166504,
    3.299562454223633,
    3.3332557678222656,
    3.288156032562256,
    3.343301296234131,
    3.182342052459717,
    3.1265625953674316,
    3.3126261234283447,
    3.4577219486236572,
    3.427309513092041
  ],
  "samples": 175000
}