{
  "loss_log": [
    4.827639579772949,
    4.252335548400879,
    4.217177867889404,
    4.063735485076904,
    3.89103627204895,
    3.908555746078491,
    3.810789108276367,
    3.4369802474975586,
    3.5184402465820312,
    3.324665069580078,
    3.303835868835449,
    3.3132333755493164,
    3.220447063446045,
    3.1989505290985107,
    3.0801138877868652,
    3.1105575561523438,
    2.996896266937256,
    3.1728408336639404,
    3.117460012435913,
    3.045504570007324,
    3.165523052215576,
    3.0214920043945312,
    3.017137289047241,
    3.001469612121582,
    2.958127498626709,
    2.9759573936462402,
    3.047743320465088,
    2.872725486755371,
    2.945312976837158,
    2.8723132610321045,
    2.913547992706299,
    2.8881888389587402,
    3.0152411460876465,
    2.8820176124572754,
    2.849515914916992,
    2.852029323577881,
    2.845592737197876,
    2.7092831134796143,
    2.8405251502990723,
    2.7161269187927246,
    2.814366340637207,
    2.8441507816314697,
    2.7108097076416016,
    2.767879009246826,
    2.8277807235717773,
    2.8529820442199707,
    2.7852671146392822,
    2.7019028663635254,
    2.7165989875793457,
    2.7543463706970215,
    2.7172162532806396,
    2.793719530105591,
    2.692723512649536,
    2.7501027584075928,
    2.734011650085449,
    2.670337438583374,
    2.6882729530334473,
    2.707540512084961,
    2.6132121086120605,
    2.690094232559204,
    2.681288719177246,
    2.6147146224975586,
    2.7669310569763184,
    2.5127768516540527,
    2.667320728302002,
    2.5807723999023438,
    2.6958391666412354,
    2.594200849533081,
    2.6492552757263184,
    2.681433916091919,
    2.625511884689331,
    2.547332525253296,
    2.689035177230835,
    2.6417436599731445,
    2.6113228797912598,
    2.510343074798584,
    2.6673636436462402,
    2.6586668491363525,
    2.509889602661133
  ],
  "samples": 290000
}