{
  "loss_log": [
    3.9222288131713867,
    3.9083611965179443,
    3.9192543029785156,
    3.9121413230895996,
    3.87680721282959,
    3.8909378051757812,
    3.8948793411254883,
    3.846071720123291,
    3.808426856994629,
    3.8282947540283203,
    3.865696907043457,
    3.8278684616088867,
    3.716043472290039,
    3.8778905868530273,
    3.812478542327881,
    3.8168749809265137,
    3.8944332599639893,
    3.8581526279449463,
    3.8915491104125977,
    3.749342441558838,
    3.785440444946289,
    3.888105869293213,
    3.8740153312683105,
    3.8466906547546387,
    3.826860189437866,
    3.7870378494262695,
    3.8578906059265137,
    3.85198974609375,
    3.8063204288482666,
    3.8701701164245605,
    3.8469419479370117,
    3.805176258087158,
    3.8152599334716797,
    3.80218243598938,
    3.8619894981384277,
    3.890298366546631,
    3.844883441925049,
    3.766479015350342,
    3.792569160461426,
    3.7958555221557617,
    3.7849924564361572,
    3.7876009941101074,
    3.7683887481689453,
    3.804302215576172,
    3.915494918823242,
    3.7724149227142334,
    3.831260919570923,
    3.769160747528076,
    3.906311511993408,
    3.904125690460205,
    3.790172576904297,
    3.876673698425293,
    3.7857394218444824,
    3.819995164871216,
    3.77459716796875,
    3.8392558097839355,
    3.8152272701263428,
    3.9350647926330566,
    3.8288705348968506,
    3.8664164543151855,
    3.897106885910034,
    3.820580005645752,
    3.786851406097412,
    3.8746938705444336,
    3.888460636138916,
    3.833052396774292,
    3.846313953399658,
    3.9046287536621094,
    3.8199801445007324,
    3.814857244491577,
    3.7569031715393066,
    3.884134292602539,
    3.80838680267334,
    3.8470544815063477,
    3.8031556606292725,
    3.8227035999298096,
    3.768773078918457,
    3.76149845123291,
    3.9551377296447754
  ],
  "samples": 95000
}