{
  "loss_log": [
    9.634593963623047,
    5.327398300170898,
    5.793842315673828,
    6.0658111572265625,
    6.369760513305664,
    4.803334712982178,
    4.436305522918701,
    4.764040946960449,
    4.411041736602783,
    4.498753547668457,
    4.297211170196533,
    4.03900146484375,
    4.630927085876465,
    4.377016067504883,
    4.310766220092773,
    4.203600883483887,
    4.377248764038086,
    3.877659320831299,
    3.768705368041992,
    3.8856568336486816,
    3.696944236755371,
    3.7221903800964355,
    3.70957612991333,
    3.663449764251709,
    3.6694304943084717,
    3.5947930812835693,
    3.709787130355835,
    3.612644672393799,
    3.4826502799987793,
    3.4785189628601074,
    3.5026137828826904,
    3.566960334777832,
    3.445981025695801,
    3.483121633529663,
    3.456052780151367,
    3.465533971786499,
    3.51804780960083,
    3.4876036643981934,
    3.449622869491577,
    3.545612335205078,
    3.313335418701172,
    3.4436187744140625,
    3.348423957824707,
    3.4226670265197754,
    3.4067375659942627,
    3.3863630294799805,
    3.3380002975463867,
    3.265057325363159,
    3.2744956016540527,
    3.273610830307007,
    3.398036479949951,
    3.359013557434082,
    3.2685368061065674,
    3.3261475563049316,
    3.271272897720337,
    3.2432947158813477,
    3.3209428787231445,
    3.2720935344696045,
    3.1209325790405273,
    3.202219009399414,
    3.2647767066955566,
    3.20093035697937,
    3.1728806495666504,
    3.2004661560058594,
    3.155643939971924,
    3.1239774227142334,
    3.251338481903076,
    3.154318332672119,
    3.1672110557556152,
    3.1657509803771973,
    3.1806046962738037,
    3.0681774616241455,
    3.211854934692383,
    2.9990530014038086,
    3.138887405395508,
    3.1592931747436523,
    3.2689013481140137,
    3.167078733444214,
    3.113950729370117
  ],
  "samples": 250000
}