{
  "loss_log": [
    4.541650772094727,
    4.819059371948242,
    4.580066680908203,
    4.170599937438965,
    4.163900375366211,
    3.842471122741699,
    3.7965803146362305,
    3.8151051998138428,
    3.608572244644165,
    3.5808725357055664,
    3.433203935623169,
    3.468019485473633,
    3.3580398559570312,
    3.282907485961914,
    3.4245643615722656,
    3.391169548034668,
    3.3194234371185303,
    3.287160634994507,
    3.192087173461914,
    3.2462403774261475,
    3.0981335639953613,
    3.175170660018921,
    3.1931300163269043,
    3.1207170486450195,
    3.0649361610412598,
    2.969667434692383,
    3.0892443656921387,
    2.96279239654541,
    2.9956464767456055,
    3.0285229682922363,
    2.9968574047088623,
    2.974777936935425,
    2.905156135559082,
    3.013087749481201,
    2.9197258949279785,
    3.0502467155456543,
    2.980182647705078,
    2.9606773853302,
    2.889362096786499,
    2.9071474075317383,
    2.8720955848693848,
    2.804804801940918,
    2.855689764022827,
    2.9335813522338867,
    2.884310722351074,
    2.909641981124878,
    2.8081841468811035,
    2.865352153778076,
    2.8926150798797607,
    2.844055414199829,
    2.8170523643493652,
    2.7474255561828613,
    2.7297537326812744,
    2.7807869911193848,
    2.772352695465088,
    2.7924251556396484,
    2.757026433944702,
    2.8630566596984863,
    2.7959256172180176,
    2.680516242980957,
    2.7644572257995605,
    2.681870937347412,
    2.7637510299682617,
    2.7150275707244873,
    2.6812124252319336,
    2.6647539138793945,
    2.6743102073669434,
    2.61883544921875,
    2.7053415775299072,
    2.594923973083496,
    2.6885361671447754,
    2.6968016624450684,
    2.7328128814697266,
    2.6625375747680664,
    2.6750099658966064,
    2.6503167152404785,
    2.651289463043213,
    2.6302478313446045,
    2.5965781211853027
  ],
  "samples": 275000
}