{
  "loss_log": [
    5.10089111328125,
    4.737844467163086,
    4.222042083740234,
    4.661215782165527,
    4.547412872314453,
    4.327358245849609,
    3.9777512550354004,
    4.155379295349121,
    4.440247535705566,
    4.301968574523926,
    4.104576110839844,
    4.045778274536133,
    3.8763480186462402,
    4.205385684967041,
    4.428277969360352,
    4.017444610595703,
    4.312814712524414,
    4.031059265136719,
    3.869532585144043,
    4.086228370666504,
    3.6940102577209473,
    4.126045227050781,
    3.9762120246887207,
    3.9650044441223145,
    3.591221809387207,
    3.787574291229248,
    3.8203611373901367,
    3.80727481842041,
    3.7729547023773193,
    3.7640132904052734,
    3.604645013809204,
    3.582902669906616,
    3.6602108478546143,
    3.7545833587646484,
    3.846409320831299,
    3.642549514770508,
    3.4758853912353516,
    3.653055191040039,
    3.594656229019165,
    3.6253714561462402,
    3.5185909271240234,
    3.5451531410217285,
    3.6293272972106934,
    3.5181071758270264,
    3.6311142444610596,
    3.504622220993042,
    3.4073598384857178,
    3.565581798553467,
    3.4870753288269043,
    3.5329647064208984,
    3.419339179992676,
    3.5508527755737305,
    3.6998000144958496,
    3.396493911743164,
    3.4984500408172607,
    3.368539333343506,
    3.4671971797943115,
    3.4371368885040283,
    3.396538257598877,
    3.3940858840942383,
    3.3108129501342773,
    3.3601982593536377,
    3.263768434524536,
    3.295269727706909,
    3.3929953575134277,
    3.339611530303955,
    3.2384324073791504,
    3.305572032928467,
    3.290226936340332,
    3.2557373046875,
    3.3065178394317627,
    3.337984800338745,
    3.194042205810547,
    3.2813000679016113,
    3.274440288543701,
    3.308668613433838,
    3.2075448036193848,
    3.274279832839966,
    3.082869529724121
  ],
  "samples": 305000
}