{
  "loss_log": [
    4.243659973144531,
    3.8455264568328857,
    3.962332010269165,
    4.012072563171387,
    3.904773712158203,
    3.7888927459716797,
    3.831190347671509,
    3.887136459350586,
    3.7374045848846436,
    3.7845005989074707,
    3.7459802627563477,
    3.688098669052124,
    3.6837100982666016,
    3.6591248512268066,
    3.706906795501709,
    3.6572186946868896,
    3.5375146865844727,
    3.780475616455078,
    3.6599738597869873,
    3.588899612426758,
    3.5870537757873535,
    3.6616175174713135,
    3.6939921379089355,
    3.624598503112793,
    3.5989725589752197,
    3.612412452697754,
    3.622983932495117,
    3.5722408294677734,
    3.6004014015197754,
    3.613063335418701,
    3.515936851501465,
    3.5495665073394775,
    3.58054256439209,
    3.4743213653564453,
    3.5218427181243896,
    3.533324718475342,
    3.5059351921081543,
    3.5096592903137207,
    3.4522042274475098,
    3.411865234375,
    3.468775749206543,
    3.5164237022399902,
    3.4199206829071045,
    3.32551908493042,
    3.366164207458496,
    3.4405388832092285,
    3.3825531005859375,
    3.3647937774658203,
    3.339449882507324,
    3.3435750007629395,
    3.3358728885650635,
    3.295483112335205,
    3.319091558456421,
    3.385554313659668,
    3.5356903076171875,
    3.3143506050109863,
    3.5218257904052734,
    3.3112215995788574,
    3.393573760986328,
    3.375925064086914,
    3.41080379486084,
    3.3384151458740234,
    3.248507261276245,
    3.2438411712646484,
    3.3737339973449707,
    3.410238265991211,
    3.376023769378662,
    3.2799072265625,
    3.384427547454834,
    3.3573338985443115,
    3.3702869415283203,
    3.3506338596343994,
    3.233844518661499,
    3.1841683387756348,
    3.218827962875366,
    3.2796120643615723,
    3.253988265991211,
    3.2750322818756104,
    3.42433500289917
  ],
  "samples": 115000
}