{
  "loss_log": [
    5.063083648681641,
    4.400279998779297,
    4.577037334442139,
    3.715019702911377,
    4.014383316040039,
    3.875788927078247,
    3.875730514526367,
    3.7787857055664062,
    3.8798646926879883,
    3.347289800643921,
    3.5967540740966797,
    3.6877238750457764,
    3.2475295066833496,
    3.4410805702209473,
    3.410078525543213,
    3.0874855518341064,
    3.3344802856445312,
    3.3496017456054688,
    3.295661449432373,
    3.188544273376465,
    3.342482089996338,
    3.1931679248809814,
    3.024749994277954,
    3.0303707122802734,
    2.9491195678710938,
    2.973599672317505,
    2.9518918991088867,
    3.010104179382324,
    2.907607078552246,
    2.892043113708496,
    2.9432835578918457,
    2.934782028198242,
    2.7990646362304688,
    2.8161792755126953,
    2.84393310546875,
    2.8195643424987793,
    2.8767855167388916,
    2.818805694580078,
    2.833414077758789,
    2.8811817169189453,
    2.875823736190796,
    2.7549800872802734,
    2.8518717288970947,
    2.7713212966918945,
    2.7287979125976562,
    2.724484920501709,
    2.7234368324279785,
    2.755415439605713,
    2.7996714115142822,
    2.7295727729797363,
    2.7899832725524902,
    2.6678733825683594,
    2.703366756439209,
    2.6387200355529785,
    2.7673897743225098,
    2.640888214111328,
    2.773555040359497,
    2.643551826477051,
    2.742549180984497,
    2.717761278152466,
    2.6872177124023438,
    2.6308887004852295,
    2.6260533332824707,
    2.6848762035369873,
    2.690422534942627,
    2.6666438579559326,
    2.579955577850342,
    2.5813260078430176,
    2.663165330886841,
    2.640923500061035,
    2.5898165702819824,
    2.537363052368164,
    2.613204002380371,
    2.5763607025146484,
    2.5786521434783936,
    2.637510061264038,
    2.6388864517211914,
    2.5484395027160645,
    2.5361831188201904
  ],
  "samples": 225000
}