{
  "loss_log": [
    7.089066028594971,
    6.547095775604248,
    6.029786586761475,
    6.103433609008789,
    4.7698869705200195,
    5.409799575805664,
    5.122709274291992,
    4.86716365814209,
    4.897457122802734,
    4.539417266845703,
    4.859411239624023,
    4.480940818786621,
    4.041326522827148,
    4.030733108520508,
    3.9243123531341553,
    3.6588027477264404,
    3.6720495223999023,
    3.679945945739746,
    3.573463201522827,
    3.4175405502319336,
    3.4709439277648926,
    3.339644193649292,
    3.5734989643096924,
    3.4898760318756104,
    3.3361268043518066,
    3.3029704093933105,
    3.3894882202148438,
    3.214179515838623,
    3.285801410675049,
    3.388241767883301,
    3.1638221740722656,
    3.3402462005615234,
    3.4115066528320312,
    3.176942825317383,
    3.107328176498413,
    3.2639360427856445,
    3.203828811645508,
    3.2102153301239014,
    3.093480348587036,
    3.012178897857666,
    3.096381425857544,
    3.034196138381958,
    3.0591647624969482,
    2.8982577323913574,
    2.907639265060425,
    3.1947288513183594,
    2.9622960090637207,
    3.123718738555908,
    3.1129915714263916,
    2.989859104156494,
    2.91908860206604,
    2.969034194946289,
    2.792147397994995,
    3.1459484100341797,
    2.9633231163024902,
    2.9133992195129395,
    2.948138475418091,
    2.800605058670044,
    2.8435425758361816,
    3.0813965797424316,
    2.9867825508117676,
    3.0860700607299805,
    3.0047807693481445,
    2.9361815452575684,
    2.944601535797119,
    2.9289231300354004,
    2.8273630142211914,
    2.8223698139190674,
    2.697565793991089,
    2.9334588050842285,
    2.7872560024261475,
    2.851984977722168,
    2.8171873092651367,
    2.8343050479888916,
    2.808478832244873,
    3.0206379890441895,
    2.7359225749969482,
    2.938908576965332,
    2.3846733570098877
  ],
  "samples": 200000
}