{
  "loss_log": [
    8.894325256347656,
    8.858270645141602,
    7.059318542480469,
    5.781053066253662,
    5.248294830322266,
    4.744136810302734,
    5.5098371505737305,
    5.63525390625,
    5.706273555755615,
    4.6987810134887695,
    4.322049140930176,
    4.08979606628418,
    4.147879600524902,
    4.635824203491211,
    4.382552146911621,
    4.052910804748535,
    3.659639835357666,
    3.8726918697357178,
    3.7361340522766113,
    4.155900955200195,
    3.6565747261047363,
    3.517416000366211,
    3.2716050148010254,
    3.6309049129486084,
    3.698659896850586,
    3.671389579772949,
    3.4948043823242188,
    3.2522428035736084,
    3.4655375480651855,
    3.523043155670166,
    3.523106575012207,
    3.3137993812561035,
    3.2950236797332764,
    3.39670467376709,
    3.441638946533203,
    3.2241053581237793,
    3.2068138122558594,
    3.3407845497131348,
    3.2133233547210693,
    3.197690486907959,
    3.1089396476745605,
    3.183149814605713,
    3.183760643005371,
    3.135406017303467,
    3.146756410598755,
    3.1551833152770996,
    3.0208988189697266,
    3.221266746520996,
    3.0586042404174805,
    3.0311083793640137,
    3.0925421714782715,
    3.3190255165100098,
    3.042084217071533,
    2.9968082904815674,
    2.8999991416931152,
    3.164879560470581,
    3.1481447219848633,
    3.1009023189544678,
    2.914440631866455,
    2.986623525619507,
    3.0869319438934326,
    3.0277462005615234,
    2.94716739654541,
    2.9722957611083984,
    2.9583098888397217,
    3.0679922103881836,
    2.9062724113464355,
    3.0927822589874268,
    3.020134449005127,
    2.9392857551574707,
    3.032493829727173,
    2.8488030433654785,
    2.8748087882995605,
    3.0346736907958984,
    2.8042168617248535,
    2.8675637245178223,
    2.890742540359497,
    2.8061087131500244,
    2.995626211166382
  ],
  "samples": 205000
}