{
  "loss_log": [
    4.244784355163574,
    4.491194725036621,
    4.2743024826049805,
    3.6915454864501953,
    3.717538595199585,
    3.0541839599609375,
    3.304861545562744,
    3.3099570274353027,
    3.1048367023468018,
    3.0848326683044434,
    3.0328755378723145,
    2.931035041809082,
    2.9238975048065186,
    2.8880574703216553,
    2.8014750480651855,
    2.8837509155273438,
    2.7822799682617188,
    2.955833911895752,
    2.789236068725586,
    2.798523426055908,
    2.7584738731384277,
    2.6669812202453613,
    2.7738306522369385,
    2.7007455825805664,
    2.6934902667999268,
    2.7208259105682373,
    2.6918439865112305,
    2.7364673614501953,
    2.8002190589904785,
    2.6633472442626953,
    2.621401786804199,
    2.6959872245788574,
    2.6692240238189697,
    2.585635185241699,
    2.624382734298706,
    2.5461831092834473,
    2.603139638900757,
    2.629432439804077,
    2.614407777786255,
    2.630657196044922,
    2.585240602493286,
    2.5321192741394043,
    2.607637405395508,
    2.602541446685791,
    2.578235387802124,
    2.568600654602051,
    2.615546226501465,
    2.5386812686920166,
    2.5957391262054443,
    2.6027297973632812,
    2.554530143737793,
    2.574371814727783,
    2.518653631210327,
    2.571378707885742,
    2.5193381309509277,
    2.460988998413086,
    2.593657970428467,
    2.5432627201080322,
    2.5389068126678467,
    2.4657657146453857,
    2.5712952613830566,
    2.461618661880493,
    2.547297477722168,
    2.541490077972412,
    2.525111675262451,
    2.471273899078369,
    2.470644950866699,
    2.5780582427978516,
    2.534651041030884,
    2.4921796321868896,
    2.500824213027954,
    2.5574634075164795,
    2.488825559616089,
    2.4249982833862305,
    2.4988503456115723,
    2.4243876934051514,
    2.532909870147705,
    2.50376558303833,
    2.5754284858703613
  ],
  "samples": 240000
}