{
  "loss_log": [
    4.08452033996582,
    4.132112979888916,
    4.083333969116211,
    4.103963375091553,
    4.107839584350586,
    4.104616641998291,
    4.100343704223633,
    4.126258850097656,
    4.139656066894531,
    4.137412071228027,
    4.0836334228515625,
    4.111196517944336,
    4.132302284240723,
    4.161971569061279,
    4.11557674407959,
    4.088718414306641,
    4.1329474449157715,
    4.101744651794434,
    4.104201793670654,
    4.079069137573242,
    4.083356857299805,
    4.066926956176758,
    4.081626892089844,
    4.069199085235596,
    4.1235246658325195,
    4.092863082885742,
    4.09879732131958,
    4.095794200897217,
    4.180696487426758,
    4.114363193511963,
    4.070960998535156,
    4.088918209075928,
    4.0143561363220215,
    4.0407915115356445,
    4.072748184204102,
    4.140624046325684,
    4.1111273765563965,
    4.101136684417725,
    4.103765964508057,
    4.074151039123535,
    4.0906982421875,
    4.022035598754883,
    4.081225395202637,
    4.1330461502075195,
    4.0873284339904785,
    4.007236480712891,
    4.040893077850342,
    4.144769668579102,
    4.052840232849121,
    4.068681716918945,
    4.0967912673950195,
    4.15859842300415,
    4.076972961425781,
    4.023435115814209,
    4.064780235290527,
    4.075210094451904,
    4.147900581359863,
    4.065379619598389,
    4.082268238067627,
    4.076749324798584,
    4.094430446624756,
    4.0784220695495605,
    4.07686710357666,
    4.15817403793335,
    4.072129726409912,
    4.079554557800293,
    4.0532636642456055,
    4.043094635009766,
    4.111510276794434,
    4.075968265533447,
    4.087246894836426,
    4.086638450622559,
    4.0514020919799805,
    4.104314804077148,
    4.112693786621094,
    4.050230979919434,
    4.138031482696533,
    4.131513595581055,
    4.344583034515381
  ],
  "samples": 30000
}