{
  "loss_log": [
    3.9275922775268555,
    3.913515090942383,
    4.041224002838135,
    3.9232559204101562,
    3.868039846420288,
    3.91377592086792,
    3.8130359649658203,
    3.8311767578125,
    3.908362865447998,
    3.953070640563965,
    3.900149345397949,
    3.858658790588379,
    3.834538698196411,
    3.7782044410705566,
    3.88726806640625,
    3.8151040077209473,
    3.899945020675659,
    3.884489059448242,
    3.775888681411743,
    3.8582980632781982,
    3.879189968109131,
    3.7668652534484863,
    3.8485536575317383,
    3.7705018520355225,
    3.8597412109375,
    3.826748847961426,
    3.788339853286743,
    3.7650516033172607,
    3.7314209938049316,
    3.8368921279907227,
    3.8072595596313477,
    3.762868642807007,
    3.88970947265625,
    3.8031344413757324,
    3.8876795768737793,
    3.801069974899292,
    3.751603126525879,
    3.8412652015686035,
    3.886514663696289,
    3.853512763977051,
    3.9017205238342285,
    3.8696656227111816,
    3.943284273147583,
    3.8452494144439697,
    3.8388142585754395,
    3.86049485206604,
    3.9222464561462402,
    3.912808656692505,
    3.836263656616211,
    3.833847999572754,
    3.8743340969085693,
    3.855623483657837,
    3.8610925674438477,
    3.8534739017486572,
    3.8155739307403564,
    3.879652261734009,
    3.8743653297424316,
    3.8337740898132324,
    3.833568572998047,
    3.793699264526367,
    3.850187301635742,
    3.8613760471343994,
    3.892127752304077,
    3.799208879470825,
    3.849949836730957,
    3.782444477081299,
    3.784674644470215,
    3.775447368621826,
    3.8500759601593018,
    3.8005940914154053,
    3.7892956733703613,
    3.853928804397583,
    3.8739757537841797,
    3.8021132946014404,
    3.9313342571258545,
    3.7692415714263916,
    3.8208606243133545,
    3.787278175354004,
    3.7455904483795166
  ],
  "samples": 80000
}