{
  "loss_log": [
    5.4571027755737305,
    4.5585737228393555,
    5.133640289306641,
    4.265452861785889,
    3.973893165588379,
    3.7166571617126465,
    4.053186416625977,
    3.5746407508850098,
    3.7099976539611816,
    3.7852635383605957,
    3.7284271717071533,
    3.501255512237549,
    3.633297920227051,
    3.5485987663269043,
    3.582646131515503,
    3.454428195953369,
    3.423976421356201,
    3.5353360176086426,
    3.420647621154785,
    3.2684707641601562,
    3.253201961517334,
    3.3737339973449707,
    3.2382307052612305,
    3.440484046936035,
    3.3890042304992676,
    3.362372636795044,
    3.310415267944336,
    3.3220670223236084,
    3.389296054840088,
    3.315075397491455,
    3.2610316276550293,
    3.297618865966797,
    3.359452724456787,
    3.1970601081848145,
    3.189581871032715,
    3.22627329826355,
    3.204272747039795,
    3.2655553817749023,
    3.2759909629821777,
    3.166015386581421,
    3.189678192138672,
    3.169865369796753,
    3.1848793029785156,
    3.1349997520446777,
    3.2946999073028564,
    3.2485342025756836,
    3.269641399383545,
    3.041647434234619,
    3.0885491371154785,
    3.157917022705078,
    3.0777719020843506,
    3.1344051361083984,
    3.080038547515869,
    3.154514789581299,
    3.1075310707092285,
    3.037651300430298,
    3.044304132461548,
    3.0157766342163086,
    3.144479513168335,
    3.1234889030456543,
    3.1465768814086914,
    3.1045424938201904,
    3.071589469909668,
    3.0478014945983887,
    2.965195655822754,
    2.993830680847168,
    3.003110885620117,
    2.9477124214172363,
    2.9479098320007324,
    3.227454423904419,
    2.969975471496582,
    3.0536694526672363,
    3.0938758850097656,
    3.0413942337036133,
    2.9369916915893555,
    2.9377336502075195,
    2.8954362869262695,
    2.9830260276794434,
    2.991830825805664
  ],
  "samples": 135000
}